Station;StartedTrips
W 21 St & 6 Ave;22212
1 Ave & E 68 St;16805
University Pl & E 14 St;16551
Broadway & W 58 St;15564
W 31 St & 7 Ave;14626
6 Ave & W 33 St;14517
West St & Chambers St;14419
E 33 St & 1 Ave;14344
Broadway & E 14 St;14137
8 Ave & W 16 St;14103
Broadway & E 21 St;13694
E 40 St & Park Ave;13670
11 Ave & W 41 St;13547
E 17 St & Broadway;13424
Cleveland Pl & Spring St;13362
Broadway & W 25 St;13292
9 Ave & W 22 St;13278
8 Ave & W 33 St;13146
W 41 St & 8 Ave;13090
Ave A & E 14 St;12945
Lafayette St & E 8 St;12815
W 22 St & 10 Ave;12483
8 Ave & W 31 St;12212
Grand St & Elizabeth St;11840
Columbus Ave & W 72 St;11825
Clinton St & Grand St;11676
W 20 St & 10 Ave;11508
8 Ave & W 38 St;11493
W 43 St & 10 Ave;11400
1 Ave & E 78 St;11136
W 54 St & 11 Ave;11132
W 15 St & 6 Ave;10964
3 Ave & E 62 St;10905
W 27 St & 7 Ave;10886
E 55 St & 2 Ave;10855
E 16 St & Irving Pl;10852
W 13 St & 5 Ave;10767
Broadway & W 29 St;10725
Norfolk St & Broome St;10723
W 18 St & 6 Ave;10652
1 Ave & E 16 St;10619
9 Ave & W 18 St;10592
St Marks Pl & 2 Ave;10574
6 Ave & W 34 St;10567
W 13 St & 7 Ave;10525
E 1 St & 1 Ave;10502
1 Ave & E 18 St;10486
E 30 St & Park Ave S;10484
E 13 St & 2 Ave;10477
West End Ave & W 60 St;10397
Amsterdam Ave & W 73 St;10373
Canal St & Rutgers St;10348
10 Ave & W 28 St;10343
E 16 St & 5 Ave;10343
Washington Square E;10327
W 30 St & 10 Ave;10239
2 Ave & E 31 St;10115
Great Jones St;10079
Forsyth St\t& Grand St;10047
4 Ave & E 12 St;9983
2 Ave & E 29 St;9976
W 42 St & 6 Ave;9883
W 67 St & Broadway;9861
Lexington Ave & E 24 St;9842
Broadway & W 41 St;9829
1 Ave & E 6 St;9774
Amsterdam Ave & W 79 St;9705
West St & Liberty St;9683
Lafayette St & Jersey St;9534
W 4 St & 7 Ave S;9481
W 44 St & 11 Ave;9473
E 85 St & 3 Ave;9457
E 44 St & Lexington Ave;9396
E 10 St & Avenue A;9390
W 24 St & 7 Ave;9380
E 20 St & 2 Ave;9366
Suffolk St & Stanton St;9341
E 2 St & Avenue B;9340
W 26 St & 8 Ave;9319
E 72 St & York Ave;9279
North Moore St & Greenwich St;9272
W 20 St & 7 Ave;9229
W 22 St & 8 Ave;9223
Broadway & E 19 St;9214
W 70 St & Amsterdam Ave;9180
1 Ave & E 62 St;9157
2 Ave & E 72 St;9045
9 Ave & W 45 St;8994
W 59 St & 10 Ave;8992
Christopher St & Greenwich St;8976
8 Ave & W 49 St;8975
Broadway & W 56 St;8969
Bleecker St & Crosby St;8962
Vesey St & Church St;8923
E 25 St & 2 Ave;8912
Cooper Square & Astor Pl;8848
University Pl & E 8 St;8750
W 25 St & 6 Ave;8696
Henry St & Grand St;8671
E 20 St & FDR Dr;8583
12 Ave & W 40 St;8552
W 37 St & 10 Ave;8508
E 47 St & Park Ave;8478
Wythe Ave & Metropolitan Ave;8472
E 23 St & 1 Ave;8465
E 4 St & 2 Ave;8415
6 Ave & W 45 St;8372
W 53 St & 10 Ave;8366
LaGuardia Pl & W 3 St;8341
W 15 St & 7 Ave;8338
N 6 St & Bedford Ave;8312
Perry St & Greenwich Ave;8303
Washington Pl & Broadway;8279
E 27 St & 1 Ave;8270
W 63 St & Broadway;8247
E 39 St & 2 Ave;8240
W 20 St & 8 Ave;8226
E 14 St & Avenue B;8195
E 2 St & Avenue A;8181
Allen St & Stanton St;8177
Grand Army Plaza & Central Park S;8154
E 11 St & 1 Ave;8136
E 33 St & 5 Ave;8108
Broadway & W 61 St;8046
Washington Pl & 6 Ave;8020
Allen St & Rivington St;8002
E 14 St & 1 Ave;7973
Vesey Pl & River Terrace;7886
W 26 St & 10 Ave;7885
W 44 St & 5 Ave;7856
Washington St & Gansevoort St;7850
E 6 St & Avenue B;7784
Broadway & W 38 St;7774
W 49 St & 8 Ave;7773
W 29 St & 9 Ave;7767
Broadway & W 53 St;7759
Sullivan St & Washington Sq;7745
7 Ave S & Bleecker St;7738
E 5 St & Ave A;7735
Broadway & W 51 St;7727
W 64 St & Thelonious Monk Circle;7721
Thompson St & Bleecker St;7699
Broadway & W 48 St;7652
Allen St & Hester St;7622
Columbus Ave & W 95 St;7599
8 Ave & W 52 St;7597
11 Ave & W 27 St;7562
E 53 St & Lexington Ave;7521
Hanson Pl & Ashland Pl;7480
Ave A & E 11 St;7469
MacDougal St & Prince St;7468
E 22 St & 2 Ave;7449
W 17 St & 8 Ave;7442
E 11 St & 3 Ave;7425
W 42 St & 8 Ave;7397
W 11 St & 6 Ave;7367
Lexington Ave & E 29 St;7365
Madison Ave & E 26 St;7363
1 Ave & E 39 St;7340
E 10 St & 2 Ave;7336
W 47 St & 10 Ave;7328
W 51 St & 6 Ave;7326
W 50 St & 10 Ave;7284
W 45 St & 8 Ave;7272
W 84 St & Columbus Ave;7270
5 Ave & E 29 St;7231
W 12 St & Hudson St;7203
Kent Ave & N 7 St;7201
W 16 St & The High Line;7155
E 2 St & Avenue C;7127
W 54 St & 9 Ave;7098
Metropolitan Ave & Bedford Ave;7080
1 Ave & E 30 St;7061
Rivington St & Ridge St;7038
S 4 St & Wythe Ave;6988
E 9 St & 5 Ave;6970
E 20 St & Park Ave;6967
FDR Drive & E 35 St;6954
W 34 St & Hudson Blvd E;6898
St Marks Pl & 1 Ave;6881
Mott St & Prince St;6877
Stanton St & Chrystie St;6844
11 Ave & W 59 St;6752
Greenwich St & W Houston St;6746
Perry St & Bleecker St;6731
W 33 St & 10 Ave;6684
E 84 St & 1 Ave;6675
E 27 St & Park Ave S;6650
E 12 St & 3 Ave;6624
W 84 St & Broadway;6596
6 Ave & Broome St;6584
Hudson St & W 13 St;6564
E 11 St & Avenue B;6546
Lexington Ave & E 36 St;6532
E 74 St & 1 Ave;6509
Spring St & Hudson St;6473
W 55 St & 6 Ave;6471
5 Ave & E 72 St;6411
S 3 St & Bedford Ave;6388
E 47 St & 2 Ave;6385
Central Park W & W 91 St;6315
W 34 St & 11 Ave;6315
E 25 St & 1 Ave;6238
W 76 St & Columbus Ave;6233
Barrow St & Hudson St;6229
E 41 St & Madison Ave (SE corner);6184
W 56 St & 8 Ave;6137
Fulton St & Adams St;6116
W 56 St & 6 Ave;6116
W 42 St & Dyer Ave;6107
8 Ave & W 24 St;6104
E 9 St & Avenue C;6071
W 56 St & 10 Ave;6069
Bergen St & Smith St;6047
E 6 St & Avenue D;6043
Rivington St & Chrystie St;6022
E 13 St & Avenue A;6008
Gramercy Park N & Gramercy Park E;6008
Forsyth St & Canal St;5992
W 30 St & 8 Ave;5975
Central Park West & W 85 St;5967
Orchard St & Grand St;5961
Broadway & Berry St;5945
E 53 St & Madison Ave;5939
W 100 St & Broadway;5929
E 39 St & Lexington Ave;5905
E 91 St & 2 Ave;5899
Gansevoort St & Hudson St;5877
Frederick Douglass Blvd & W 117 St;5848
Frederick Douglass Blvd & W 112 St;5845
Murray St & Greenwich St;5845
Division St & Bowery;5844
MacDougal St & Washington Sq;5835
Riverside Blvd & W 67 St;5835
Park Ave & E 124 St;5829
Riverside Dr & W 72 St;5771
E 59 St & Madison Ave;5752
Mercer St & Bleecker St;5733
Stanton St & Norfolk St;5723
Walker St & Baxter St;5713
E 26 St & 3 Ave;5705
Amsterdam Ave & W 66 St;5702
E 7 St & Avenue A;5693
Bergen St & Vanderbilt Ave;5684
10 Ave & W 14 St;5665
Lispenard St & Broadway;5661
S 5 Pl & S 5 St;5618
E 41 St & Madison Ave (SW corner);5603
W 36 St & 9 Ave;5595
Centre St & Chambers St;5574
E 54 St & 1 Ave;5537
Court St & State St;5500
7 Ave & Central Park South;5466
Mercer St & Spring St;5466
Lafayette Ave & Ft Greene Pl;5451
Berry St & N 8 St;5415
E 7 St & Ave B;5393
Driggs Ave & N 9 St;5386
Pike St & E Broadway;5367
7 Ave & Park Pl;5359
Grand St & Samuel Dickstein Plaza;5356
W 51 St & Rockefeller Plaza;5351
Madison Av & E 51 St;5348
E 88 St & 1 Ave;5310
West Drive & Prospect Park West;5307
Queens Plaza North & Crescent St;5295
W 40 St & 5 Ave;5242
West Thames St;5242
Forsyth St & Broome St;5230
Central Park North & Adam Clayton Powell Blvd;5224
Avenue D & E 3 St;5217
Fulton St & Broadway;5211
W 50 St & 9 Ave;5198
E 48 St & 3 Ave;5170
E 56 St & Madison Ave;5168
E 51 St & 2 Ave;5165
King St & Varick St;5158
Franklin St & Dupont St;5155
Broadway & W 36 St;5135
Clinton Ave & Myrtle Ave;5133
W 89 St & Columbus Ave;5130
E 1 St & Bowery;5121
Little West St & 1 Pl;5086
W 47 St & 9 Ave;5078
Greenwich St & Hubert St;5062
E 5 St & Avenue C;5053
W 95 St & Broadway;5043
Berkeley Pl & 7 Ave;5033
Bayard St & Baxter St;5026
W 87 St & Amsterdam Ave;4997
Centre St & Worth St;4993
Vernon Blvd & 50 Ave;4991
Central Park West & W 72 St;4986
W 35 St & 9 Ave;4965
Hudson St & Reade St;4953
W 36 St & 7 Ave;4930
E 48 St & 5 Ave;4922
E Houston St & Columbia St;4904
Milton St & Franklin St;4887
Bank St & Washington St;4872
2 Ave & E 96 St;4861
Clinton St & Joralemon St;4851
8 Ave & W 27 St;4832
Lawrence St & Willoughby St;4820
Lexington Ave & E 26 St;4820
Greenwich St & Perry St;4816
Clark St & Henry St;4815
3 St & 7 Ave;4802
Central Park W & W 97 St;4783
Morton St & West St;4769
St. Nicholas Ave & W 126 St;4769
E 81 St & York Ave;4761
W 100 St & Manhattan Ave;4745
W 46 St & 11 Ave;4715
W 37 St & 5 Ave;4713
E 51 St & 1 Ave;4708
W 47 St & 6 Ave;4698
1 Ave & E 44 St;4694
E 76 St & Park Ave;4689
E 89 St & York Ave;4688
Cathedral Pkwy & Broadway;4665
Graham Ave & Conselyea St;4663
St Nicholas Ave & Manhattan Ave;4642
Grand St & Greene St;4629
William St & Pine St;4628
E 7 St & Ave C;4625
W 52 St & 6 Ave;4625
N 12 St & Bedford Ave;4590
Kenmare St & Elizabeth St;4564
W 106 St & Central Park West;4554
5 Ave & E 87 St;4546
E 12 St & Ave C;4545
Clinton St & Cherry St;4500
E 58 St & Madison Ave;4479
5 Ave & E 78 St;4463
Lenox Ave & W 117 St;4447
Spruce St & Nassau St;4442
E 77 St & 3 Ave;4440
DeKalb Ave & Hudson Ave;4425
Bank St & Hudson St;4420
Central Park S & 6 Ave;4417
Old Slip & South St;4414
E 53 St & 3 Ave;4410
W 87 St & West End Ave;4390
W 48 St &  Rockefeller Plaza;4384
Central Park West & W 68 St;4363
E 3 St & 1 Ave;4359
Riverside Dr & W 82 St;4358
Lenox Ave & W 126 St;4357
Morton St & Washington St;4353
Grand St & Havemeyer St;4351
Pleasant Ave & E 116 St;4331
W 15 St & 10 Ave;4327
Atlantic Ave & Fort Greene Pl;4317
Leonard St & Church St;4298
W 17 St & 7 Ave;4294
E 80 St & 2 Ave;4292
Hope St & Union Ave;4292
E 89 St & 3 Ave;4284
W 110 St & Amsterdam Ave;4283
E 97 St & Madison Ave;4282
Meserole Ave & Manhattan Ave;4280
St James Pl & Oliver St;4251
E 91 St & Park Ave;4248
Willoughby Ave & Hall St;4242
E 35 St & Madison Ave;4227
W 40 St & 7 Ave;4206
E 72 St & Park Ave;4201
Plaza St East & Flatbush Ave;4162
E 68 St & 3 Ave;4161
Schermerhorn St & Hoyt St;4160
E 44 St & 2 Ave;4157
W 10 St & Washington St;4147
Lenox Ave & W 111 St;4142
5 Ave & 3 St;4119
Fulton St & William St;4092
W 82 St & Central Park West;4091
Adelphi St & Myrtle Ave;4087
E 75 St & 3 Ave;4076
West End Ave & W 78 St;4063
Cliff St & Fulton St;4052
Willoughby St & Fleet St;4033
Bedford Ave & Nassau Ave;4024
Rutgers St & Henry St;4013
India St & Manhattan Ave;4006
DeKalb Ave & Vanderbilt Ave;4002
E 88 St & Park Ave;4001
W 113 St & Broadway;3999
E 84 St & Park Ave;3994
E 65 St & 2 Ave;3988
W 74 St & Columbus Ave;3984
W 116 St & Broadway;3962
Montague St & Clinton St;3949
Carroll St & Smith St;3943
46 Ave & 5 St;3942
Jay St & Tech Pl;3940
Bergen St & Flatbush Ave;3934
Atlantic Ave & Furman St;3910
W 116 St & Amsterdam Ave;3909
5 Ave & E 93 St;3905
31 St & Newtown Ave;3894
Murray St\t& West St;3893
Madison Ave & E 99 St;3884
Ave D & E 8 St;3873
DeKalb Ave & S Portland Ave;3869
W 35 St & 8 Ave;3864
Emerson Pl & Myrtle Ave;3855
Catherine St & Monroe St;3849
E 47 St & 1 Ave;3846
Eastern Pkwy & Franklin Ave;3838
6 Ave & Walker St;3827
Albany St & Greenwich St;3824
Frederick Douglass Blvd & W 115 St;3805
10 St & 7 Ave;3800
W Broadway & W Houston St;3789
Hicks St & Montague St;3784
Flushing Ave & Vanderbilt Ave;3781
Greene St & Prince St;3781
Madison Ave & E 82 St;3779
Scholes St & Manhattan Ave;3762
Henry St & Atlantic Ave;3745
31 St & 23 Ave;3738
Fulton St & Waverly Ave;3735
Front St & Jay St;3730
Plaza St West & Flatbush Ave;3726
Reade St & Broadway;3723
Greenpoint Ave & Manhattan Ave;3722
Stagg St & Union Ave;3722
Jay St & York St;3712
Central Park W & W 103 St;3703
3 St & Prospect Park West;3684
E 60 St & York Ave;3683
W Broadway & Spring St;3681
Lexington Ave & E 111 St;3673
E 93 St & 2 Ave;3668
West End Ave & W 107 St;3661
W 111 St & 5 Ave;3642
Leonard St & Nassau Ave;3630
6 Ave & 9 St;3624
E 102 St & 1 Ave;3610
Warren St & W Broadway;3603
E 45 St & 3 Ave;3590
Montrose Ave & Bushwick Ave;3585
Columbia St & Rivington St;3581
Graham Ave & Grand St;3561
Huron St & Franklin St;3561
31 St & Broadway;3550
W 92 St & Broadway;3542
Douglass St & 3 Ave;3516
E 40 St & 5 Ave;3499
McGuinness Blvd & Eagle St;3497
Roebling St & N 4 St;3497
W 106 St & Amsterdam Ave;3493
Water St &  Fletcher St;3488
Metropolitan Ave & Meeker Ave;3482
John St & William St;3465
Madison St & Montgomery St;3465
Watts St & Greenwich St;3459
Nevins St & Schermerhorn St;3452
E 82 St & East End Ave;3451
Nassau Ave & Russell St;3445
Steinway St & Broadway;3437
Driggs Ave & N Henry St;3436
1 Ave & E 110 St;3430
Adam Clayton Powell Blvd & W 126 St;3423
S 4 St & Rodney St;3420
Monroe St & Bedford Ave;3412
Duffield St & Willoughby St;3390
Kingsland Ave & Nassau Ave;3387
E 51 St & Lexington Ave;3377
Washington St & Barrow St;3363
W 90 St & Amsterdam Ave;3352
44 Dr & Jackson Ave;3348
5 Ave & E 103 St;3347
Union Ave & N 12 St;3342
3 Ave & E 71 St;3337
Carroll St & 5 Ave;3320
Prospect Park West & 8 St;3312
Washington St & Laight St;3309
Market St & Cherry St;3295
Broadway & Battery Pl;3290
Bergen St & 4 Ave;3288
Peck Slip & South St;3287
3 Ave & E 72 St;3272
Jackson Ave & 46 Rd;3272
Flatbush Ave & Ocean Ave;3269
Devoe St & Lorimer St;3265
E 58 St & 1 Ave (NW Corner);3260
E 67 St & Park Ave;3255
South St & Gouverneur Ln;3215
E 43 St & 2 Ave;3211
West Broadway & Watts St;3210
West End Ave & W 94 St;3206
E 81 St & 3 Ave;3186
12 Ave & W 125 St;3184
E 106 St & Madison Ave;3176
Bialystoker Pl & Delancey St;3171
E 4 St & Ave B;3167
Grand Army Plaza & Plaza St West;3138
Water St & Main St;3133
Clinton St & Tillary St;3129
Lafayette Ave & St James Pl;3121
Bedford Ave & Bergen St;3109
Congress St & Clinton St;3106
Park Pl & Church St;3096
E 78 St & 2 Ave;3077
Riverside Dr & W 104 St;3077
Carlton Ave & Dean St;3075
Leonard St & Maujer St;3072
W 107 St & Columbus Ave;3065
South St & Whitehall St;3038
6 Ave & Canal St;3033
Garfield Pl & 8 Ave;3021
31 St & Ditmars Blvd;3012
Dean St & Franklin Ave;3006
Broadway & Roebling St;2995
Broad St & Bridge St;2956
Crescent St & 30 Ave;2950
E 68 St & Madison Ave;2949
Franklin St & W Broadway;2949
Broadway & W 37 St;2947
E 5 St & Cooper Sq;2945
Parade Pl & Crooke Ave;2935
Henry St & Degraw St;2927
N Moore St & Hudson St;2927
1 Ave & E 94 St;2912
Cherry St;2890
E 103 St & Lexington Ave;2889
Washington Ave & Park Ave;2888
Douglass St & 4 Ave;2886
Water St & Gouverneur Ln;2882
Classon Ave & St Marks Ave;2879
Carroll St & 6 Ave;2866
Sterling Pl & Bedford Ave;2863
3 Ave & Schermerhorn St;2856
Crescent St & Broadway;2855
Franklin Ave & St Marks Ave;2855
DeKalb Ave & Franklin Ave;2843
Clinton St & Union St;2841
W 35 St & Dyer Ave;2836
State St & Smith St;2833
Macon St & Nostrand Ave;2816
Adam Clayton Powell Blvd & W 123 St;2793
E 6 St & 2 Ave;2793
S Portland Ave & Hanson Pl;2793
Driggs Ave & Lorimer St;2782
Monroe St & Tompkins Ave;2775
Riverside Dr & W 91 St;2773
Market St & Henry St;2735
E 2 St & 2 Ave;2729
5 Ave & E 63 St;2726
Lexington Ave & Classon Ave;2721
Bayard St & Leonard St;2720
E 50 St & Park Ave;2717
Delancey St & Eldridge St;2709
President St & 4 Ave;2702
E 95 St & 3 Ave;2689
Center Blvd & 51 Ave;2675
Broadway & Morris St;2672
2 Ave & E 104 St;2666
4 Ave & 9 St;2659
2 Ave & E 99 St;2652
Church St & Worth St;2652
Myrtle Ave & Fleet Pl;2647
Clermont Ave & Lafayette Ave;2613
Sands St Gate;2607
South St & Pike St;2607
W 104 St & Amsterdam Ave;2601
Lafayette Ave & Classon Ave;2600
14 St & 5 Ave;2593
E 118 St & Madison Ave;2582
14 St & 7 Ave;2581
Albee Square W & Fulton St;2581
St Johns Pl & Washington Ave;2576
Sands St & Jay St;2569
27 St & Hunter St;2554
Prospect Pl & Underhill Ave;2554
28 St & 41 Ave;2550
Cumberland St & Lafayette Ave;2547
East End Ave & E 86 St;2539
Grand Ave & Bergen St;2537
Maiden Ln & Pearl St;2534
Stanton St & Mangin St;2527
4 Ave & 3 St;2522
45 Ave & 21 St;2519
E 81 St & Park Ave;2515
Pike St & Monroe St;2515
E 106 St & Lexington Ave;2505
Schermerhorn St & Court St (2);2504
E 31 St & 3 Ave;2502
Washington Park;2487
E 19 St & 3 Ave;2486
Adam Clayton Powell Blvd & W 118 St;2477
Union St & 4 Ave;2464
Bridge St & Water St;2452
Melrose Ave & E 150 St;2427
Kane St & Clinton St;2401
Carroll St & Columbia St;2391
Wyckoff Av & Stanhope St;2390
Bond St & Bergen St;2388
E 115 St & Lexington Ave;2385
India St Pier;2368
Wyckoff Ave & Gates Ave;2363
Kent Ave & Division Ave;2361
Nassau Ave & Newell St;2351
Washington Ave & Greene Ave;2349
Duane St & Hudson St;2343
Fulton St & Irving Pl;2341
E 85 St & York Ave;2328
Dock 72 Way & Market St;2320
Degraw St & Smith St;2316
Harrison St & Hudson St;2315
Warren St & Smith St;2315
7 St & 5 Ave;2309
Dean St & Hoyt St;2280
Cadman Plaza E & Tillary St;2275
St James Pl & Pearl St;2271
Steinway St & 28 Ave;2266
Smith St & 3 St;2262
Kosciuszko St & Tompkins Ave;2251
6 Ave & 21 St;2248
E 106 St & 2 Ave;2247
38 St & 30 Ave;2243
Adam Clayton Powell Blvd & W 138 St;2231
Underhill Ave & Lincoln Pl;2229
Central Park West & W 76 St;2225
E 118 St & 1 Ave;2223
Fulton St & Clermont Ave;2221
Cambridge Pl & Gates Ave;2219
Broadway & Whipple St;2216
Crescent St & 34 Ave;2208
21 Ave & Crescent St;2206
1 Pl & Clinton St;2193
Johnson St & Gold St;2187
Avenue D & E 10 St;2180
Sterling Pl & 5 Ave;2177
Mt Morris Park W & W 120 St;2176
Park Cir & East Dr;2176
Convent Ave & W 135 St;2168
Liberty St & Broadway;2166
Graham Ave & Withers St;2163
31 Ave & Steinway St;2158
Smith St & 9 St;2155
Hancock St & Bedford Ave;2151
N 15 St & Wythe Ave;2143
W 37 St & Broadway;2143
Lefferts Pl & Franklin Ave;2139
St Nicholas Ave & W 134 St;2123
Madison St & Clinton St;2108
10 St & 5 Ave;2106
E 66 St & Madison Ave;2102
21 St & Queens Plaza North;2090
Morningside Ave & W 123 St;2089
Willoughby Ave & Tompkins Ave;2084
W 120 St & Claremont Ave;2083
Columbus Ave & W 103 St;2077
E 102 St & Park Ave;2072
31 Ave & Crescent St;2071
31 Ave & 34 St;2066
Richardson St & N Henry St;2066
St Marks Pl & 4 Ave;2066
E 17 St & 2 Ave;2062
Berkeley Pl & 6 Ave;2060
Amsterdam Ave & W 119 St (2);2052
Clermont Ave & Park Ave;2052
Ashland Pl & Dekalb Ave;2047
Carlton Ave & Flushing Ave;2045
Henry St & Remsen St;2037
Kingston Ave & Herkimer St;2035
Greene Ave & Nostrand Ave;2026
Pierrepont St & Monroe Pl;2025
Eastern Pkwy & Washington Ave;2024
1 St & 6 Ave;2021
N 11 St & Kent Ave;2021
36 Ave & 31 St;2019
6 Ave & 12 St;2018
Prospect Pl & 6 Ave;2016
Union Ave & Jackson St;2015
Lenox Ave & W 130 St;2005
Broadway & Moylan Pl;2004
Madison Ave & E 120 St;2004
E 106 St & 1 Ave;2003
E 118 St & 3 Ave;2003
Cadman Plaza E & Red Cross Pl;1998
34 Ave & 38 St;1997
Warren St & Court St;1997
Broadway & W 122 St;1984
Boerum St & Broadway;1978
Court St & Nelson St;1978
Lincoln Pl & Classon Ave;1978
3 St & 3 Ave;1977
Wards Meadow Comfort Station;1974
5 Ave & W 126 St;1970
Bushwick Ave & Powers St;1963
Liberty St & Nassau St;1956
Melrose St & Broadway;1951
Butler St & Court St;1949
Rogers Ave & Sterling St;1943
Lenox Ave & W 115 St;1942
Pacific St & Nevins St;1926
Halsey St & Tompkins Ave;1924
E 32 St & Park Ave;1922
Greene Ave & Throop Ave;1920
Motorgate;1920
Adam Clayton Powell Blvd & W 115 St;1919
Riverside Dr & W 78 St;1908
Clinton St & 4 Place;1906
McKibbin St & Bogart St;1902
17 St & 5 Ave;1899
Windsor Pl & Howard Pl;1895
Spruce St & Gold St;1876
Wyckoff St & Nevins St;1866
Union St & Bedford Ave;1852
Newtown Ave & 23 St;1851
Degraw St & Hoyt St;1846
Amsterdam Ave & W 125 St;1835
Dock St & Front St;1835
Suydam St & Knickerbocker Ave;1825
Willoughby Ave & Myrtle Ave;1823
Columbia Heights & Cranberry St;1818
Grand Concourse & E 161 St;1804
Lexington Ave & E 120 St;1804
7 St & 3 Ave;1798
E 123 St & Lexington Ave;1796
Edgecombe Ave & W 141 St;1796
Clinton Ave & Flushing Ave;1793
Grand Concourse & E 166 St;1788
Kosciuszko St & Nostrand Ave;1788
35 St & Broadway;1787
Barclay St & Church St;1783
31 Ave & 30 St;1781
Astoria Park S & Shore Blvd;1778
E 98 St & Park Ave;1778
Beaver St & Fayette St;1775
35 Ave & 37 St;1769
Myrtle Ave & St Edwards St;1769
Anthony Ave & E Tremont Ave;1763
E 97 St & 3 Ave;1761
Lenox Ave & W 133 St;1756
Van Brunt St & Wolcott St;1756
5 St & 6 Ave;1732
President St & Henry St;1732
25 Ave & 41 St;1730
Nelson Ave & W 172 St;1728
Leonard St & Boerum St;1720
Lewis Ave & Madison St;1710
Vernon Blvd & 47 Rd;1695
12 St & 4 Ave;1694
E 116 St & 2 Ave;1693
McKibbin St & Manhattan Ave;1692
Adams St & Prospect St;1689
E 161 St & River Ave;1689
Suydam St & Broadway;1678
Banker St & Meserole Ave;1673
45 Rd & 11 St;1668
Pulaski St & Marcus Garvey Blvd;1663
Amsterdam Ave & W 136 St;1652
Willoughby Ave & Walworth St;1648
Broadway & W 131 St;1643
35 St & 30 Ave;1638
Adam Clayton Powell Blvd & W 141 St;1636
Stockholm St & Wilson Ave;1636
Bus Slip & State St;1634
Wilson Ave & Troutman St;1632
Henry St & Middagh St;1630
Front St & Gold St;1627
28 St & 36 Ave;1611
Calyer St & Jewel St;1611
Grand Concourse & E 167 St;1611
Old Fulton St;1607
River Ter & Warren St;1603
Carroll St & Bond St;1602
Morgan Ave & Lombardy St;1601
Edgecombe Ave & W 145 St;1600
W 168th S & Fort Washington Ave;1599
18 St & 27 Ave;1595
3 Ave & E 112 St;1595
Lenox Ave & W 140 St;1595
Wyckoff Av & Jefferson St;1595
Avenue D & E 12 St;1591
Brooklyn Bridge Park - Pier 2;1590
E 128 St & Madison Ave;1587
Myrtle Ave & Lewis Ave;1586
2 Ave & E 122 St;1573
Frost St & Meeker Ave;1568
Monroe St & Classon Ave;1562
Irving Ave & Jefferson St;1557
Adam Clayton Powell Blvd & W 130 St;1555
3 Ave & E 100 St;1551
E 114 St & 1 Ave;1550
Putnam Ave & Throop Ave;1550
Grove St & Broadway;1549
Nassau St\t& Duffield St;1546
21 St & Hoyt Ave S;1545
30 Ave & 41 St;1542
Union St & Nevins St;1542
Division Ave & Hooper St;1541
Columbia St & Degraw St;1533
Myrtle Ave & Marcy Ave;1532
2 Ave & E 125 St;1521
21 St & 31 Dr;1520
Adam Clayton Powell Blvd & W 132 St;1520
Nassau St & Navy St;1517
Congress St & Hicks St;1510
E 115 St & Madison Ave;1504
Marcy Ave & Lafayette Ave;1502
Pier 40 - Hudson River Park;1493
Concord St & Bridge St;1486
E 63 St & 3 Ave;1478
E 58 St & 1 Ave (NE Corner);1477
Morris Ave & E 163 St;1459
Carlton Ave & Park Ave;1458
River Ave & E 151 St;1458
Steinway St & 21 Ave;1456
Engert Ave & McGuinness Blvd;1447
3 St & Hoyt St;1440
Vernon Blvd & 31 Ave;1436
Calyer St & Guernsey St;1435
Pleasant Ave & E 120 St;1428
11 Ave & Prospect Ave;1422
Carlton Ave & St Marks Ave;1421
5 Av & W 139 St;1417
Waterbury St & Stagg St;1416
Broadway & W 168 St;1413
24 St & 41 Ave;1412
35 Ave & 10 St;1412
48 St & Broadway;1406
34th Ave & Vernon Blvd;1401
Central Ave & Starr Street;1401
Crescent St & 35 Ave;1396
Wadsworth Ave & W 179 St;1394
Nostrand Ave & Myrtle Ave;1391
Union Ave & Wallabout St;1384
3 Ave & Carroll St;1381
5 St & Market St;1381
Knickerbocker Ave & George St;1381
Willoughby Ave & Wyckoff Ave;1374
Grand Concourse & E 144 St;1370
Sherman Ave & E 166 St;1370
Sharon St & Olive St;1362
Vernon Blvd & 10 St;1359
Sterling St & Bedford Ave;1356
31 St & Astoria Blvd;1353
Sheridan Ave & E 168 St;1353
E 132 St & Madison Ave;1345
Ditmars Blvd & 43 St;1335
Van Brunt St & Van Dyke St;1335
Marcus Garvey Blvd & Macon St;1334
Graham Ave & Herbert St;1330
21 St & 4 Ave;1329
31 St & 21 Ave;1327
49 Ave & 21 St;1324
31 St & Hoyt Ave N;1323
Laight St & Hudson St;1321
Verona Pl & Fulton St;1317
31 St & Northern Blvd;1316
Pearl St & Hanover Square;1314
Lincoln Ave & E 138 St;1312
Center Blvd & 48 Ave;1308
Roosevelt Island Tramway;1302
Broadway & W 133 St;1299
3 Ave & E 170 St;1298
Lewis Ave & Kosciuszko St;1296
Greene Av & Myrtle Av;1295
W 135 St & Lenox Terrace Pl;1286
Adam Clayton Powell Blvd & W 151 St;1283
Hudson Blvd E & W 36 St;1278
W 146 St & Broadway;1269
19 St & 24 Ave;1265
3 Ave & E 169 St;1265
36 St & Ditmars Blvd;1256
Park Ave & Marcus Garvey Blvd;1254
34 St & 35 Ave;1253
E Fordham Rd & Webster Ave;1246
Willis Ave & E 137 St;1246
E 170 St & Webster Ave;1236
Powers St & Olive St;1236
George St & Wilson Ave;1235
Frederick Douglass Blvd & W 129 St;1233
36 St & 4 Ave;1231
Broadway & Kosciuszko St;1230
E 149 St & Morris Ave;1227
Prospect Park SW & 16 St;1226
Avenue C & E 18 St;1225
Frederick Douglass Blvd & W 145 St;1225
Forest Ave & Summerfield St;1220
W 129 St & Convent Ave;1220
E 170 St & Sheridan Ave;1217
Bushwick Ave & Dekalb Ave;1216
7 Ave & 41 St;1209
31 Ave & 14 St;1206
St. Nicholas Terrace & Convent Ave;1205
53 St & 4 Ave;1201
Bushwick Ave & Harman St;1200
Ditmars Blvd & 19 St;1200
Fulton St & Utica Ave;1193
Jackson St & Leonard St;1191
43 St & Broadway;1189
Franklin Ave & Myrtle Ave;1189
Broadway & W 160 St;1187
47 Ave & 31 St;1186
Throop Ave & Myrtle Ave;1183
Broadway & 12 St;1182
Franklin Ave & E 169 St;1181
E 138 St & 5 Av;1178
10 St & 2 Ave;1177
28 Ave & 35 St;1176
Broadway & Madison St;1174
Stagg St & Morgan Ave;1170
Prospect Park SW & Vanderbilt St;1169
Bedford Ave & S 9 St;1167
5 Ave & W 131 St;1158
Manhattan Av & Leonard St;1157
W 144 St & Adam Clayton Powell Blvd;1153
40 Ave & 9 St;1149
E 15 St & 3 Ave;1145
Humboldt St & Varet St;1144
Anthony Ave & E 175 St;1141
Frederick Douglass Blvd & W 139 St;1139
Central Ave & Woodbine St;1135
16th St & 4th Ave;1131
Norman St & Wyckoff Ave;1129
Icahn Stadium;1121
21 St & 21 Ave;1118
Pioneer St & Van Brunt St;1116
E Burnside Ave & Ryer Ave;1113
Broadway & W 138 St;1111
Morningside Dr & Amsterdam Ave;1109
W 180 St & Ft Washington Ave;1109
Broadway & W 155 St;1104
Riverside Dr & W 138 St;1104
Devoe St & Morgan Ave;1103
St Nicholas Ave & W 137 St;1099
Crescent St & Ditmars Blvd;1090
38 Ave & 29 St;1083
9 Ave & W 39 St;1083
Irving Ave & Harman St;1082
20 Ave & 38 St;1081
Knickerbocker Ave & Thames St;1081
36 St & 3 Ave;1078
Westchester Ave & Longwood Ave;1077
40 St & Queens Blvd;1075
White St & Moore St;1074
Steinway St & 23 Ave;1072
35 St & 34 Ave;1070
48 Ave & 5 St;1069
Jefferson St & Cypress Ave;1053
Southern Blvd & E 149 St;1053
30 Ave & 21 St;1051
24 St & 38 Ave;1050
5 Ave & E 135 St;1045
34 Ave & 31 St;1043
Lewis Ave & Decatur St;1043
Westchester Ave & Jackson Ave;1038
Amsterdam Ave & W 119 St;1037
Park Ave & St Edwards St;1033
24 Ave & 29 St;1029
Evergreen Ave & Noll St;1028
Willoughby St & Ashland Pl;1027
24 Ave & 26 St;1026
35 St & 23 Ave;1025
Boston Rd & E 167 St;1023
E 142 St & 3 Ave;1021
7 Ave & 20 St;1015
36 Ave & 10 St;1014
Rockaway Ave & Bainbridge St;1014
40 Ave & Crescent St;1011
W 181 St & Riverside Dr;1008
Cedar St & Myrtle Ave;1007
21 St & 43 Ave;1006
St Nicholas Ave & W 150 St;1005
Broadway & W 142 St;1004
Knickerbocker Ave & Halsey St;1004
Bushwick Ave & Linden St;1003
Amsterdam Ave & W 152 St;997
Columbia St & Kane St;996
Pitt St & Stanton St;993
Grand Concourse & E 171 St;990
W 148 St & Amsterdam Ave;989
Lexington Ave & E 127 St;985
27 Ave & 9 St;981
5 Ave & 41 St;981
Bushwick Ave & Forrest St;981
E 161 St & Park Ave;978
34 Ave & 21 St;977
Prospect Park SW & 10 Ave;977
23 Ave & 27 St;975
Central Ave & Flushing Ave;971
7 Ave & 17 St;967
E 170 St & Clay Ave;966
43 Ave & 42 St;965
Flushing Ave & Woodward Ave;961
E 163 St & Union Ave;959
Irving Ave & DeKalb Ave;958
3 Ave & E 172 St;956
Grand Concourse & E 164 St;954
Caton Ave & Argyle Rd;951
Lorimer St & Broadway;950
Steinway St & Ditmars Blvd;948
Sullivan Pl & Franklin Ave;943
Madison St & Woodward Ave;942
Pacific St & Classon Ave;932
Walton Ave & E 171 St;929
31 St & Thomson Ave;927
Wales Ave & E 147 St;927
Plaza Dr & W 170 St;924
Skillman Ave & 43 Ave;921
Prospect Park SW & Greenwood Ave;920
24 St & 5 Ave;919
Bedford Ave & Montgomery St;918
Halsey St & Broadway;918
Division Ave & Marcy Ave;917
Fulton Ave & E 168 St;917
Lewis Ave & Greene Ave;909
28 Ave & 44 St;908
Ogden Ave & W 165 St;906
Hamilton Pl & W 140 St;903
34 St & 38 Ave;897
46 St & Queens Blvd;897
W 147 St & Adam Clayton Powell Blvd;893
Lenox Ave & W 144 St;892
Central Ave & Melrose St;887
Jerome Ave & W 193 St;887
9 St & 44 Rd;885
Tompkins Ave & Hopkins St;885
Bradhurst Ave & W 148 St;883
Park Pl & Franklin Ave;872
Madison St & Forest Ave;871
Morris Ave & E 142 St;871
37 St & 24 Ave;870
5 St & 51 Ave;869
Bushwick Ave & McKibbin St;869
Ft. Hamilton Pkwy & E 2 St;869
Albany Ave & Fulton St;867
8 St & Astoria Blvd;866
Boston Rd & Prospect Ave;864
Hancock St & Malcolm X Blvd;863
31 Rd & 21 St;856
Carroll St & Washington Ave;852
30 Ave & 47 St;846
Irving Ave & Halsey St;843
Ocean Pkwy & Church Ave;843
Greenwich St & Rector St;838
48 Ave & 41 St;835
4 Ave & 17 St;833
39 St & Queens Blvd;832
E 56 St & 3 Ave;832
Fort Washington Ave & W 183 St;832
Prospect Park W & 20 St;832
St Mary's St & Jackson Ave;832
Isham St & Broadway;830
Walton Ave & E 168 St;829
Willis Ave & E 141 St;825
Riverside Dr & W 153 St;820
Fort Washington Ave & W 173 St;819
Wadsworth Ave & W 175 St;819
Courtlandt Ave & E 149 St;818
43 St & Skillman Ave;817
Southern Blvd & E 175 St;813
Tiebout Ave & E Fordham Road;813
Sigourney St & Columbia St;808
Woodward Ave & Harman St;807
Washington Ave & E 163 St;805
Withers St & Kingsland Ave;802
Westchester Ave & Southern Blvd;798
E 167 St & Franklin Ave;796
E 149 St & Jackson Ave;795
61 St & 39 Ave;793
E 171 St & 3 Ave;791
W 165 St & Fort Washington Ave;789
Pearl St & York St;787
Windsor Pl & 8 Ave;787
Central Ave & Weirfield St;786
44 St & 6 Ave;785
E 147 St & Bergen Ave;785
Bridge St & York St;784
Van Buren St & Broadway;782
Ditmars Blvd & 79 St;780
W 133 St & 12 Ave;780
W 160 St & St. Nicholas Ave;778
Grand Concourse & East Mount Eden Ave;777
Central Ave & Himrod St;772
41 St & 4 Ave;770
E 149 St & Park Ave;770
Frost St & Debevoise Ave;768
Amsterdam Ave & W 131 St;767
Shakespeare Ave & W 169 St;764
Greenpoint Ave & 47 St;760
Caton Ave & E 7 St;757
E 138 St & Cypress Ave;753
E 156 & Brook Ave;748
Morris Ave & McClellan St;748
St Ann's Ave & Westchester Ave;747
Jerome Ave & Bedford Park Blvd E;745
59 St & 4 Ave;743
Bruckner Blvd & Bryant Ave;741
W 145 St & Amsterdam Ave;739
Southern Blvd & E 174 St;738
Willoughby Ave & Onderdonk Ave;738
E 149 St & Eagle Ave;736
Broadway & W 185 St;735
E 118 St & Park Ave;735
Hancock St & Stuyvesant Ave;735
Tinton Ave & E 165 St;735
W 171 St & St. Nicholas Ave;735
72 St & 41 Ave;732
Menahan St & Onderdonk Ave;731
E 182 St & Morris Ave;729
Riverside Dr & W 148 St;728
2 Ave & E 55 St;727
51 St & 43 Ave;727
Commerce St & Van Brunt St;727
Bushwick Ave & Stagg St;726
Central Ave & Covert St;725
W 225 St & Exterior St;723
42 Pl & Northern Blvd;718
Westchester Ave & E 156 St;718
35 St & 21 Ave;717
34 Ave & 48 St;716
44 St & 48 Ave;716
Jerome Ave & W Fordham Rd;716
21 Ave & Shore Blvd;714
46 St & 7 Ave;714
Broadway & Hancock St;710
Carroll St & Franklin Ave;710
Riverside Dr & W 145 St;709
Stanhope St & Fairview Ave;709
43 Ave & 47 St;706
Convent Ave & W 151 St;706
49 St & 31 Ave;705
Madison St & Seneca Ave;704
11 St & 43 Ave;700
Malcolm X Blvd & DeKalb Ave;700
Willis Ave & E 143 St;700
Coffey St & Conover St;697
Cedar St & Evergreen Ave;696
34 Ave & 45 St;695
Madison St & Evergreen Ave;695
43 St & 50 Ave;693
Grand Concourse & E 156 St;693
E 158 St & Melrose Ave;690
Coffey St & Ferris St;687
Onderdonk Ave & Dekalb Ave;685
Stewart Ave & Johnson Ave;684
Broadway & W 165 St;682
E Tremont Ave & E 176 St;681
3 Ave & E 163 St;680
Irving Ave & Palmetto St;680
39 St & 47 Ave;678
Brook Ave & E 138 St;678
48 St & 37 Ave;677
Ogden Ave & W 164 St;677
Goble Pl & Macombs Rd;675
Grand Concourse & E 197 St;675
Jefferson Ave & Evergreen Ave;675
5 Ave & 66 St;672
Amsterdam Ave & W 156 St;671
Ditmars Blvd & 48 St;671
Green St & McGuinness Blvd;671
30 St & 4 Ave;670
E 138 St & Park Ave;667
W 170 St & University Ave;667
46 St & 28 Ave;665
Seaman Ave & Beak St;665
Grand Concourse & E 196 St;662
Ft. Hamilton Pkwy & E 5 St;659
Madison St & Cypress Ave;659
Nagle Ave & Thayer St;659
Willis Ave & Bruckner Blvd;658
Hart St & Wyckoff Ave;657
48 St & Skillman Ave;656
Pinehurst Ave & W 187 St;656
Nagle Ave & Ellwood St;655
37 Ave & 35 St;651
Putnam Ave & Knickerbocker Ave;651
51 St & Hobart St;650
Prospect Ave & Longwood Ave;649
Chauncey St & Stuyvesant Ave;646
Greene Ave & Grandview Ave;646
Morgan Ave & Maspeth Ave;646
Park Ave & E 162 St;646
Kent St & McGuinness Blvd;644
Jerome Ave & W 195 St;641
Broadway & W 192 St;640
Putnam Ave & Wyckoff Ave;637
Fairview Ave & Linden St;635
Cauldwell Ave & E 161 St;633
36 St & Queens Blvd;632
Harman St & Seneca Ave;628
E 8 St & Caton Ave;627
50 St & Northern Blvd;625
Fulton Ave & St. Paul's Pl;625
6 St & 7 Ave;623
43 Ave & 40 St;622
Wilson Ave & Moffat St;622
Lenox Ave & W 146 St;620
Clay Ave & Claremont Pkwy;619
Stuyvesant Walk & 1 Av Loop;618
Menahan St & Wyckoff Ave;616
Schermerhorn St & Court St;616
Home St & Westchester Ave;615
W 155 St & Frederick Douglass Blvd;612
Bergen Ave & E 152 St;611
Concourse Village West & E 156 St;607
Walton Ave & E 183 St;602
Amsterdam Ave & W 167 St;600
Clay Ave & E 173 St;600
Amsterdam Ave & W 162 St;598
4 Ave & 26 St;593
Hancock St & Wyckoff Ave;590
W 192 St & University Ave;590
Brook Ave & E 148 St;588
Shore Blvd & Astoria Park;587
Underhill Ave & Pacific St;587
St. Nicholas Ave & W 155 St;585
45 St & 4 Ave;583
Anderson Ave & W 164 St;581
50 St & Barnett Ave;580
39 St & 50 Ave;579
Caton Ave & E 10 St;578
Alexander Ave & E 134 St;577
46 St & 30 Rd;576
Sunken Meadow Comfort Station;576
Menahan St & Central Ave;575
Suydam St & St. Nicholas Ave;574
Stuyvesant Ave & Gates Ave;573
Fulton Ave & E 172 St;571
Tiebout Ave & E 184 St;571
E 188 St & Creston Ave;570
2 Ave & 36 St;569
Newton Rd & 44 St;569
Harrison Pl & Porter Ave;567
W 176 St & Montgomery Ave;561
21 St & 23 Ave;560
St. Nicholas Ave & W 157 St;560
50 St & 30 Ave;559
30 Ave & 12 St;558
61 St & Woodside Ave;557
Broadway & W 153 St;554
Brook Ave & E 157 St;553
20 Ave & 48 St;551
3 Ave & Franklin Ave;551
57 St & 4 Ave;551
21 St & 36 Ave;550
Putnam Ave & Ralph Ave;550
Hoyt St & Warren St;548
Sullivan Pl & Bedford Ave;547
Featherbed Ln & Nelson Ave;546
Longwood Ave & Southern Blvd;546
Macombs Rd & W 175 St;546
Eldert St & Bushwick Ave;545
Beck St & Leggett Ave;544
30 St & 48 Ave;543
Prospect Ave & E 151 St;543
Jerome Ave & E Mosholu Parkway S;541
Richards St & Delavan St;540
43 St & 35 Ave;539
Putnam Ave & Nostrand Ave;538
Wilkins Ave & Crotona Park E;538
44 St & Greenpoint Ave;537
Grant Ave & E 169 St;537
Sheridan Ave & E 172 St;534
Wakeman Pl & Ridge Blvd;533
E 169 St & Webster Ave;530
Greenwood Ave & E 4 St;529
Lexington Ave & E 128 St;529
Montgomery St & Franklin Ave;529
Broadway & W 220 St;524
Myrtle Ave & Linden St;524
5 Ave & 37 St;523
Freeman St & Southern Blvd;522
Metropolitan Ave & Stewart Ave;520
College Ave & E 170 St;519
Monroe St & Marcus Garvey Blvd;519
Lafayette Ave & Hunts Point Ave;517
Prospect Ave & Vanderbilt St;516
Soissons Landing;513
76 St & 21 Ave;512
Grand Ave & W 181 St;510
Van Sinderen Ave & Truxton St;507
23 Rd & 31 St;505
38 St & Northern Blvd;505
River Ave & McClellan St;505
48 St & 5 Ave;504
Cauldwell Ave & E 158 St;502
Dwight St & Van Dyke St;502
Moffat St & Bushwick;502
Centre St & Seneca Ave;501
E 156 St & Courtlandt Ave;500
Macombs Rd & Featherbed Ln;500
34 Ave & 13 St;499
E 157 St & River Ave;499
Lincoln Ave & E 134 St;499
Creston Ave & E 181 St;496
Valentine Ave & E 181 St;495
7 Ave & 40 St;494
Morris Ave & E 153 St;494
Walton Ave & E 153 St;494
Brook Ave & E 141 St;492
Prospect Pl & Nostrand Ave;492
St. Ann's Ave & E 144 St;492
Bay St & Court St;491
Yankee Ferry Terminal;491
E 160 St & Tinton Ave;488
Riverside Dr & Broadway;488
Albemarle Rd & McDonald Ave;486
Edgecombe Ave & W 167 St;486
Pacific St & Nostrand Ave;486
W Burnside Ave & University Ave;486
62 St & Northern Blvd;484
St. Ann's Av & Bruckner Blvd;484
University Ave & Macombs Rd;482
27 Ave & 3 St;481
Clinton St & Centre St;480
Ft. Washington Ave & W 190 St;480
Menahan St & Seneca Ave;480
48 Ave & 37 St;479
W 140 St & Riverside Dr;479
46 St & 6 Ave;478
Intervale Ave & Westchester Ave;478
Linden St & Knickerbocker Ave;477
E 138 St & Grand Concourse;476
Nelson Ave & 167 St;476
Concourse Village East & E 158 St;475
33 St & 47 Ave;474
Broadway & 51 St;472
Bulova Ave & Brooklyn Queens Expressway W;472
Valentine Ave & E 183 St;471
46 St & 25 Ave;469
Halsey St & Evergreen Ave;469
39 Ave & 45 St;465
Creston Ave & E 178 St;465
Madison St & Malcolm X Blvd;464
Hazen St & 20 Ave;457
43 St & 23 Ave;456
55 St & 7 Ave;456
Bainbridge Ave & E 196 St;456
Seaman Ave & Isham St;454
53 St & 2 Ave;452
E 171 St & Webster Ave;451
E 165 St & Clay Ave;450
E 174 St & Walton Ave;450
Bronx Shore Comfort Station;449
Hoe Ave & Jennings St;448
W 190 St & Broadway;448
Grand Concourse & E 192 St;444
E 141 St & St Ann's Ave;442
Audobon Ave & W 179 St;441
Cabrini Blvd & W 177 St;441
7 Ave & 22 St;440
W Tremont Ave & Montgomery Ave;439
W Fordham Rd & Loring Pl N;436
Monroe St & Patchen Ave;435
Melrose Ave & E 154 St;434
29 St & 5 Ave;433
34 St & 4 Ave;433
Amsterdam Ave & W 172 St;433
Central Ave & Decatur St;433
Columbia St & W 9 St;432
Sherman Ave & Thayer St;432
Gerard Ave & E 165 St;431
Margaret Corbin Plz & Ft Washington Ave;431
53 St & 5 Ave;429
3 Ave & E 174 St;424
Gerard Ave & E 146 St;421
Myrtle Ave & Grove St;420
Wolcott St & Dwight St;420
E 174 St & Longfellow Ave;419
Knickerbocker Ave & Moffat St;419
Paul Ave & W 205 St;419
20 Ave & 21 St;418
20 Ave & 31 St;416
Bushwick Ave & Furman Ave;415
Prospect Ave & Greenwood Ave;415
Harlem River Dr & W 155 St;414
Goulden Ave & W 205 St;413
E 135 St & St Ann's Ave;411
Amsterdam Ave & W 82 St;409
South St & Broad St;408
20 Ave & 42 St;407
Davidson Ave & W Burnside Ave;406
Chauncey St & Malcolm X Blvd;402
34 St & 48 Ave;400
W 204 St & Vermilyea Ave;400
19 St & 8 Ave;399
Henry St & Bay St;399
Dahill Rd & 12 Ave;398
Crotona Park East & E 173 St;397
Charlotte St & Boston Rd;396
Willow Ave & E 133 St;396
31 Ave & 61 St;392
Goulden Ave & W 197 St;389
Boone Ave & E 172 St;387
Dyckman St & Henshaw St;386
39 Dr & 52 St;385
12 Ave & 36 St;384
E 150 St & Gerard Ave;383
59 St & 5 Ave;381
49 St & 25 Ave;380
Edgecombe Ave & W 150 St;380
W 186 St & St. Nicholas Ave;379
E 167 St & Clay Ave;376
Dyckman St & Staff St;375
Church Ave & Story St;370
Grand Concourse & E 175 St;368
Onderdonk Ave & Gates Ave;368
34 St & 5 Ave;366
Weeks Ave & E 175 St;366
Amsterdam Ave & W 183 St;365
Popham Ave & W 174 St;364
University Ave & W Burnside Ave;364
Prospect Ave & E 167 St;361
10 Ave & W 207 St;360
31 Ave & 57 St;360
36 St & 47 Ave;358
21 Ave & 80 St;357
48 St & Barnett Ave;355
White St & Johnson Ave;355
Broadway & Ellwood St;354
Grand Concourse & E 199 St;354
Sumpter St & Fulton St;354
E 141 St & Jackson Ave;353
University Ave & W 168 St;352
Woodside Ave & Roosevelt Ave;352
River Ave & E 153 St;351
E 167 St & Bryant Ave;350
Old Broadway & W 133 St;350
65 St & 35 Ave;349
72 St & Woodside Ave;348
Bradley Ave & Greenpoint Ave;347
E 3 St & Church Ave;347
Morris Ave & E 184 St;347
Amsterdam Ave & W 175 St;346
E 138 St & Willow Ave;346
Southpoint Park;345
W 218 St & Broadway;344
Bainbridge Ave & E 198 St;342
Van Dam St & Greenpoint Ave;341
39 Ave & 56 St;339
Mount Eden Pkwy & Eastburn Ave;338
Pioneer St & Richards St;338
53 St & Roosevelt Ave;337
Goulden Ave & Bedford Park Blvd W;337
48 St & 50 Ave;336
7 Ave & 62 St;335
W 159 St & Edgecombe Ave;333
21 St & 38 Ave;329
E 144 St & Brook Ave;329
McDonald Ave & Vanderbilt St;328
Amsterdam Ave & W 186 St;326
Prospect Ave & Jennings St;326
Brevoort Pl & Bedford Ave;325
Jerome Ave & Ogden Ave;325
W 163 St & Riverside Dr;325
Louis Nine Blvd & Intervale Ave;324
Rogers Pl & E 165 St;316
Picnic Point;314
62 St & 34 Ave;313
Flatbush Ave & Eastern Pkwy;311
Longfellow Ave & E 165 St;311
Southern Blvd & Avenue St. John;310
E 165 St & Fox St;309
4 Ave & Shore Road Dr;308
Botanical Sq & Webster Ave;308
Buchanan Pl & Grand Ave;306
E 153 St & E 157 St;306
Ryer Ave & E 182 St;306
3 Ave & 17 St;305
Woodside Ave & 60 St;305
Church Ave & McDonald Ave;304
Skillman Ave & 54 St;303
47 Ave & 48 St;302
Union Ave & E 169 St;302
E Tremont Ave & Jerome Ave;299
Audubon Ave & W 192 St;297
W 204 St & Nagle Ave;293
57 St & 1 Ave;292
Chauncey St & Howard Ave;292
Metropolitan Ave & Vandervoort Ave;292
58 St & 32 Ave;291
Halsey St & Ralph Ave;290
W Mosholu Pkwy S & Sedgwick Ave;290
61 St & Queens Blvd;289
Henry St & W 9 St;289
Intervale Ave & Kelly St;287
Broadway & 49 St;286
E 163 St & Tiffany St;286
Frederick Douglass Blvd & Harlem River Dr;284
58 St & Pier 4;283
Ditmars Blvd & 73 St;283
Stephen St & Seneca Ave;281
Amsterdam Ave & W 180 St;278
Waterloo Pl & Crotona Park East;278
36 St & Hunters Point Ave;277
Broadway & Furman Ave;277
Gerard Ave & E 164 St;277
Patchen Ave & Bainbridge St;275
Webster Ave & Ford St;275
Grand Concourse & E 205 St;274
Jerome Ave & W 177 St;273
Jerome Ave & E 164 St;271
Sedgwick Ave & W Tremont Ave;271
47 Ave & Skillman Ave;270
55 St & 5 Ave;266
67 St & Erik Pl;266
Ditmars Blvd & 76 St;266
2 Ave & 39 St;265
62 St & 4 Ave;265
Chester Ave & 12 Ave;265
Main St & Plymouth St;265
E 155 St & Courtlandt Ave;262
3 Ave & Wakeman Pl;260
Grand Concourse & E 203 St;260
2 Ave & 32 St;258
Bedford Park Blvd & Paul Ave;258
E 165 St & Jerome Ave;257
Borden Ave & Review Ave;256
E 128 St & 3 Ave;254
Grand Ave & W Fordham Rd;252
W 163 St & Edgecombe Ave;252
Cypress Ave & George St;249
New York Ave & St Marks Ave;248
University Ave & Brandt Pl;247
E Mosholu Pkwy & Van Cortlandt Ave E;246
Webster Ave & E 166 St;245
55 St & Northern Blvd;244
W 190 St & St. Nicholas Ave;243
Skillman Ave & Honeywell St;242
69 St & 43 Ave;241
48 St & 2 Ave;240
Cypress Ave & Palmetto St;240
44 St & 3 Ave;239
Townsend Ave & E 175 St;238
58 St & 2 Ave;237
50 St & 7 Ave;235
Andrew Ave N & Hall of Fame Tce;235
Gerard Ave & McClellan St;235
Queens Blvd & 56 St;235
Thomas S. Boyland St & Macon St;232
Marion Ave & Mosholu Pkwy;227
Steinway St & 19 Ave;225
Sterling Pl & New York Ave;225
60 St & 37 Ave;224
Southern Blvd & E 172 St;224
20 Ave & Shore Blvd;222
10 Ave & W 215 St;221
6 Ave & 55 St;220
Loring Pl North & W 183 St;220
Eastern Pkwy & Kingston Ave;218
47 St & 3 Ave;215
Macombs Pl & W 152 St;215
Morris Ave & E Burnside Ave;215
Crotona Park North & Prospect Ave;214
Webb Ave & W 190 St;214
Southern Blvd & Tiffany St;213
57 St & 43 Ave;212
Morris Ave & E 171 St;212
Jerome Ave & W 184 St;211
52 St & 6 Ave;209
E 169 St & Fox St;209
Freeman St & Reverend James A Polite Ave;209
Paul Ave & Mosholu Pkwy;207
W 218 St & Indian Rd;207
65 St & Broadway;206
Jerome Ave & Anderson Ave;206
31 Pl & Hunters Point Ave;205
Academy St & Nagle Ave;204
6 Ave & 60 St;203
Garrison Ave & Manida St;203
Southern Blvd & E 142 St;203
Whitehall St & Bridge St;202
Amsterdam Ave & W 189 St;201
42 St & 1 Ave;199
Brooklyn Ave & Prospect Pl;199
65 St & Roosevelt Ave;196
62 St & 43 Ave;193
Grand Concourse & E Mosholu Pkwy S;190
Ogden Ave & Merriam Ave;190
Dyckman St & 10 Ave;187
Bainbridge Ave & E 193 St;186
Inwood Ave & W 170 St;184
Railroad Ave & Kay Ave;184
61 St & Laurel Hill Blvd;183
Featherbed Ln & Jerome Ave;183
65 Pl & Woodside Ave;181
43 St & 37 Ave;180
Washington Ave & E 167 St;180
Walnut Ave & E 136 St;178
MacDonough St & Marcy Ave;176
Decatur Ave & Bedford Park Blvd;174
Aqueduct Ave & North St;170
Jerome Ave & E 198 St;168
W Tremont Ave & Matthewson Rd;167
Herkimer St & New York Ave;165
Columbia St & Lorraine St;164
E Mosholu Pkwy & E 204 St;162
Jerome Ave & E 181 St;157
Woodside Ave & 55 St;155
Vernon Blvd & Queens Plaza S;154
W Tremont Ave & Grand Ave;154
44 St & 2 Ave;151
Somers St & Broadway;151
Dawson St & Intervale Ave;149
Hunts Point Ave & Bryant Ave;149
Kingston Ave & Park Pl;149
Bainbridge Ave & Bedford Park Blvd;148
Aqueduct Ave & W 190 St;147
W 211 St & 10 Ave;147
Seneca Ave & Irvine St;146
41 St & 3 Ave;145
51 St & Queens Blvd;145
Audubon Ave & Fort George Ave;142
Van Sinderen Ave & Atlantic Ave;141
Somers St & Rockaway Ave;137
23 St & 3 Ave;135
39 Ave & 54 St;134
West Farms Rd & Boone Ave;133
Washington Ave & E 174 St;131
Bergen St & Kingston Ave;128
Faile St & Garrison Ave;128
37 Ave & 63 St;127
41 Ave & 67 St;127
63 St & 5 Ave;127
Andrews Ave S & W 179 St;125
E 133 St & Cypress Pl;125
Lafayette Ave & Stuyvesant Ave;125
10 Ave & W 204 St;120
Sedgwick Ave & Hall of Fame Tce;120
MacDonough St & Malcolm X Blvd;119
St. Johns Pl & Kingston Ave;119
Thomas S. Boyland St & Fulton St;118
54 St & 37 Ave;117
E 201 St & Briggs Ave;117
52 St & 1 Ave;115
2 Av & 37 St;113
Cedar Ave & W Fordham Rd;112
Stuyvesant Ave & Hart St;112
Thomas S. Boyland St & Marion St;111
Barry St & Tiffany St;107
Woodside Ave & 69 St;104
Sedgwick Ave & W Burnside Ave;102
Fulton St & Saratoga Ave;95
Keegan Rd & 2 Ave;89
Eastern Pkwy & Troy Ave;88
Ralph Ave & Fulton St;86
E 134 St & Walnut Ave;77
10 Ave & W 202 St;75
MacDougal St & Rockaway Ave;73
9 Ave & W 219 St;69
Bailey Ave & Sedgwick Ave;69
57 St & 37 Ave;61
Decatur Ave & Oliver Pl;55
Decatur St & Saratoga Ave;52
64 St & 3 Ave;51
Bailey Ave & W 193 St;49
Pacific St & Troy Ave;47
9 Ave & W 204 St;46
Albany Ave & Park Pl;42
Schenectady Ave & Prospect Pl;42
Decatur Ave & E 197 St;41
65 St & 2 Ave;38
Knickerbocker Ave & Hancock St;37
Troy Ave & Sterling Pl;32
Pacific St & Utica Ave;28
St Johns Pl & Utica Ave;27
W 52 St & 11 Ave;27
Macon St & Patchen Ave;26
Bergen St & Troy Ave;19
Classon Ave & St Marks Ave (2);18
St Marks Ave & Rochester Ave;16
Macon St & Howard Ave;14
Park Pl & Utica Ave;14
Macon St & Lewis Ave;13
Pacific St & Rochester Ave;10
Eastern Pkwy & Rochester Ave;5
Bergen St & Buffalo Ave;3
Sterling Pl & Schenectady Ave;2
Park Pl & Buffalo Ave;1
St Marks Ave & Ralph Ave;1
Vernon Blvd & 41 Rd;0
