Station;RoundingTrips
Grand Army Plaza & Central Park S;2079
Central Park S & 6 Ave;1652
Broadway & W 58 St;1567
7 Ave & Central Park South;1363
5 Ave & E 72 St;1258
West St & Chambers St;1188
Roosevelt Island Tramway;1143
Broadway & W 41 St;1132
12 Ave & W 40 St;1019
1 Ave & E 68 St;929
11 Ave & W 41 St;915
W 21 St & 6 Ave;889
Columbus Ave & W 72 St;887
5 Ave & E 87 St;848
University Pl & E 14 St;846
Central Park North & Adam Clayton Powell Blvd;822
Yankee Ferry Terminal;812
E 33 St & 1 Ave;795
Central Park West & W 72 St;777
Centre St & Chambers St;767
W 22 St & 10 Ave;755
S 5 Pl & S 5 St;739
West Drive & Prospect Park West;709
W 54 St & 11 Ave;698
Cleveland Pl & Spring St;696
5 Ave & E 78 St;670
W 13 St & 5 Ave;669
West St & Liberty St;667
W 30 St & 10 Ave;661
W 43 St & 10 Ave;659
Soissons Landing;655
West End Ave & W 60 St;655
W 70 St & Amsterdam Ave;651
Nelson Ave & W 172 St;641
Norfolk St & Broome St;628
Broadway & W 25 St;627
Canal St & Rutgers St;622
E 91 St & 2 Ave;618
Suffolk St & Stanton St;615
8 Ave & W 33 St;614
Broadway & W 48 St;611
5 Ave & E 93 St;610
1 Ave & E 78 St;605
Broadway & E 14 St;604
Broadway & E 21 St;603
3 Ave & E 62 St;597
10 Ave & W 14 St;581
Amsterdam Ave & W 73 St;580
6 Ave & W 33 St;578
Flatbush Ave & Ocean Ave;576
W 41 St & 8 Ave;575
Central Park West & W 85 St;574
E 13 St & 2 Ave;572
W 31 St & 7 Ave;572
6 Ave & W 34 St;571
1 Ave & E 18 St;568
W 64 St & Thelonious Monk Circle;566
Broadway & W 29 St;560
E 17 St & Broadway;559
Central Park West & W 68 St;557
9 Ave & W 22 St;555
2 Ave & E 31 St;554
10 Ave & W 28 St;551
Anthony Ave & E Tremont Ave;545
Grand St & Elizabeth St;545
W 44 St & 11 Ave;545
Clinton St & Grand St;542
Washington St & Gansevoort St;541
E 40 St & Park Ave;540
E 10 St & Avenue A;539
Amsterdam Ave & W 79 St;538
Central Park W & W 91 St;536
Allen St & Rivington St;535
W 4 St & 7 Ave S;535
W 15 St & 6 Ave;534
11 Ave & W 27 St;533
6 Ave & W 45 St;531
Broadway & W 61 St;531
Riverside Blvd & W 67 St;531
1 Ave & E 6 St;527
Vesey Pl & River Terrace;526
W 34 St & 11 Ave;526
W 20 St & 10 Ave;523
W 37 St & 10 Ave;523
8 Ave & W 38 St;517
W 18 St & 6 Ave;513
Rivington St & Ridge St;510
W 42 St & 6 Ave;507
E 20 St & FDR Dr;506
Forsyth St & Canal St;502
2 Ave & E 72 St;501
E 16 St & Irving Pl;499
Vesey St & Church St;497
E 14 St & Avenue B;494
W 63 St & Broadway;489
Columbus Ave & W 95 St;487
8 Ave & W 49 St;486
9 Ave & W 18 St;483
Broadway & W 51 St;481
S 4 St & Wythe Ave;479
W 67 St & Broadway;479
W 45 St & 8 Ave;478
1 Ave & E 62 St;475
5 Ave & E 63 St;475
Broadway & W 56 St;474
E 55 St & 2 Ave;472
E 85 St & 3 Ave;470
8 Ave & W 16 St;469
W 84 St & Columbus Ave;467
W 59 St & 10 Ave;463
Anthony Ave & E 175 St;460
W 84 St & Broadway;460
1 Ave & E 39 St;457
Lafayette St & E 8 St;457
Plaza St East & Flatbush Ave;457
Broadway & W 53 St;454
1 Ave & E 16 St;453
E 30 St & Park Ave S;453
W 100 St & Broadway;452
Frederick Douglass Blvd & W 112 St;451
Lexington Ave & E 24 St;451
Riverside Dr & W 72 St;451
W 17 St & 8 Ave;451
E 4 St & 2 Ave;450
Forsyth St\t& Grand St;450
W 76 St & Columbus Ave;449
Wythe Ave & Metropolitan Ave;449
FDR Drive & E 35 St;446
Little West St & 1 Pl;446
S 3 St & Bedford Ave;444
Allen St & Stanton St;443
Central Park W & W 97 St;443
Allen St & Hester St;436
Kent Ave & N 7 St;436
Riverside Dr & W 82 St;436
Morton St & West St;435
Wards Meadow Comfort Station;435
9 Ave & W 45 St;434
W 27 St & 7 Ave;434
Grand Concourse & E 166 St;432
Henry St & Grand St;432
Parade Pl & Crooke Ave;432
Perry St & Bleecker St;432
W 50 St & 10 Ave;431
W 53 St & 10 Ave;426
St Marks Pl & 2 Ave;425
W 51 St & 6 Ave;425
W 82 St & Central Park West;424
West Thames St;424
E 44 St & Lexington Ave;423
E 2 St & Avenue B;422
Lafayette St & Jersey St;422
E 16 St & 5 Ave;420
E 1 St & 1 Ave;419
W 56 St & 6 Ave;418
Broadway & Berry St;417
8 Ave & W 31 St;414
Christopher St & Greenwich St;414
University Pl & E 8 St;413
Perry St & Greenwich Ave;411
4 Ave & E 12 St;409
E 72 St & York Ave;409
Washington Square E;409
E 59 St & Madison Ave;406
E 2 St & Avenue C;405
E 20 St & 2 Ave;405
W 49 St & 8 Ave;405
W 55 St & 6 Ave;405
E 27 St & 1 Ave;404
Washington Pl & 6 Ave;404
5 Ave & 66 St;403
E 33 St & 5 Ave;403
W 22 St & 8 Ave;403
Greenwich St & W Houston St;399
W 26 St & 8 Ave;399
Atlantic Ave & Furman St;396
7 Ave S & Bleecker St;395
Bleecker St & Crosby St;393
W 12 St & Hudson St;393
W 47 St & 10 Ave;393
W 13 St & 7 Ave;392
E 11 St & 3 Ave;391
W 100 St & Manhattan Ave;390
North Moore St & Greenwich St;389
W 15 St & 7 Ave;389
W 20 St & 7 Ave;388
8 Ave & W 52 St;386
E 11 St & 1 Ave;383
Great Jones St;383
Stanton St & Chrystie St;382
W 106 St & Central Park West;381
W 24 St & 7 Ave;381
Frederick Douglass Blvd & W 117 St;380
N 6 St & Bedford Ave;380
12 Ave & W 125 St;379
Centre St & Worth St;379
2 Ave & E 29 St;376
Albany St & Greenwich St;375
W 44 St & 5 Ave;375
Thompson St & Bleecker St;374
3 St & Prospect Park West;373
Franklin St & Dupont St;373
Madison Ave & E 26 St;373
Southpoint Park;373
Lenox Ave & W 111 St;372
W 54 St & 9 Ave;372
Lexington Ave & E 36 St;371
Broadway & W 38 St;370
Spruce St & Nassau St;368
21 Ave & Crescent St;367
E 25 St & 2 Ave;367
Park Cir & East Dr;365
W 42 St & Dyer Ave;365
5 Ave & E 103 St;364
E 23 St & 1 Ave;363
E 39 St & 2 Ave;363
Sheridan Ave & E 168 St;363
Sullivan St & Washington Sq;363
Brooklyn Bridge Park - Pier 2;362
Sherman Ave & E 166 St;362
W 20 St & 8 Ave;362
W 34 St & Hudson Blvd E;362
E 47 St & Park Ave;361
6 Ave & Broome St;359
E 6 St & Avenue B;358
W 26 St & 10 Ave;358
W 33 St & 10 Ave;358
W 42 St & 8 Ave;358
Rivington St & Chrystie St;355
Ave A & E 14 St;354
11 Ave & W 59 St;353
E 54 St & 1 Ave;352
Broadway & Battery Pl;351
E 91 St & Park Ave;351
31 Ave & Steinway St;350
Cooper Square & Astor Pl;350
E 84 St & 1 Ave;350
MacDougal St & Prince St;350
E 97 St & Madison Ave;349
Steinway St & 21 Ave;349
Hudson St & W 13 St;347
E 10 St & 2 Ave;345
W 16 St & The High Line;341
W 111 St & 5 Ave;340
Queens Plaza North & Crescent St;339
Center Blvd & 51 Ave;338
E 74 St & 1 Ave;338
Mercer St & Spring St;338
LaGuardia Pl & W 3 St;335
W 95 St & Broadway;334
Central Park West & W 76 St;333
W 29 St & 9 Ave;333
W 56 St & 10 Ave;333
W 56 St & 8 Ave;333
Pike St & E Broadway;331
St. Nicholas Ave & W 126 St;331
Madison Ave & E 82 St;330
W 87 St & West End Ave;329
Washington Pl & Broadway;329
Amsterdam Ave & W 66 St;328
E 89 St & York Ave;326
Central Park W & W 103 St;325
E 2 St & Avenue A;324
Lexington Ave & E 29 St;322
Motorgate;322
Ave A & E 11 St;320
Grand St & Greene St;320
W 25 St & 6 Ave;320
Convent Ave & W 135 St;318
Peck Slip & South St;318
W 89 St & Columbus Ave;316
E 11 St & Avenue B;314
Old Fulton St;314
Forsyth St & Broome St;313
Jerome Ave & W 193 St;313
Spring St & Hudson St;312
W 87 St & Amsterdam Ave;312
E 6 St & Avenue D;310
Walker St & Baxter St;309
E 88 St & 1 Ave;307
Avenue D & E 3 St;305
Bank St & Washington St;305
Watts St & Greenwich St;305
5 Ave & E 29 St;303
E 5 St & Ave A;303
E 53 St & Lexington Ave;303
31 St & 21 Ave;302
Broadway & Roebling St;302
Lispenard St & Broadway;302
W 51 St & Rockefeller Plaza;302
Fulton St & Adams St;300
Bergen St & Vanderbilt Ave;299
Metropolitan Ave & Bedford Ave;299
E 53 St & Madison Ave;298
Lenox Ave & W 117 St;298
E 106 St & Madison Ave;297
E 39 St & Lexington Ave;296
Broadway & W 36 St;295
E 13 St & Avenue A;293
South St & Whitehall St;293
Stanton St & Norfolk St;291
W 11 St & 6 Ave;289
Bayard St & Baxter St;288
E 76 St & Park Ave;288
Morris Ave & E 163 St;287
Orchard St & Grand St;287
Park Ave & E 124 St;287
Pleasant Ave & E 116 St;287
Wales Ave & E 147 St;287
St Marks Pl & 1 Ave;286
E 81 St & York Ave;285
Riverside Dr & W 104 St;285
E 22 St & 2 Ave;284
E 47 St & 2 Ave;284
Grand St & Havemeyer St;284
W 47 St & 6 Ave;284
Clark St & Henry St;283
Kenmare St & Elizabeth St;283
Berry St & N 8 St;282
E 41 St & Madison Ave (SE corner);282
Jay St & Tech Pl;282
William St & Pine St;281
Milton St & Franklin St;280
Broad St & Bridge St;279
Fulton St & Broadway;279
E 102 St & 1 Ave;278
E 26 St & 3 Ave;278
W 15 St & 10 Ave;278
E 51 St & 2 Ave;277
E 75 St & 3 Ave;277
Shore Blvd & Astoria Park;277
W 52 St & 6 Ave;277
Water St & Main St;277
West End Ave & W 94 St;277
1 Ave & E 44 St;275
Amsterdam Ave & W 136 St;275
E 7 St & Avenue A;275
E Houston St & Columbia St;274
Hope St & Union Ave;274
W 46 St & 11 Ave;274
Greenwich St & Perry St;273
Mercer St & Bleecker St;273
Division St & Bowery;272
Gramercy Park N & Gramercy Park E;272
Barrow St & Hudson St;270
E 14 St & 1 Ave;270
N 12 St & Bedford Ave;270
W 90 St & Amsterdam Ave;270
Driggs Ave & N 9 St;268
E 1 St & Bowery;268
Grand Concourse & E 167 St;268
W 110 St & Amsterdam Ave;268
Hanson Pl & Ashland Pl;267
Frederick Douglass Blvd & W 115 St;266
Gansevoort St & Hudson St;266
E 48 St & 3 Ave;265
E 72 St & Park Ave;265
Melrose Ave & E 150 St;264
Bus Slip & State St;263
King St & Varick St;263
Cathedral Pkwy & Broadway;262
Graham Ave & Conselyea St;261
Madison Av & E 51 St;261
South St & Gouverneur Ln;261
W 30 St & 8 Ave;261
E 20 St & Park Ave;260
Grand Army Plaza & Plaza St West;260
Grand St & Samuel Dickstein Plaza;260
Mott St & Prince St;260
E 12 St & 3 Ave;259
West End Ave & W 78 St;259
Broadway & E 19 St;258
1 Ave & E 30 St;257
Atlantic Ave & Fort Greene Pl;257
E 88 St & Park Ave;257
Franklin Ave & E 169 St;257
Lenox Ave & W 126 St;257
Prospect Park West & 8 St;257
E 84 St & Park Ave;255
Clinton St & Cherry St;254
E 161 St & River Ave;254
E 89 St & 3 Ave;254
St Mary's St & Jackson Ave;254
1 Ave & E 110 St;253
E 9 St & 5 Ave;253
Lawrence St & Willoughby St;253
E 7 St & Ave B;250
W 116 St & Broadway;250
E 12 St & Ave C;249
E 170 St & Clay Ave;249
Catherine St & Monroe St;248
Union Ave & N 12 St;248
W 40 St & 5 Ave;248
W 48 St &  Rockefeller Plaza;248
2 Ave & E 96 St;247
Ditmars Blvd & 43 St;247
Sands St & Jay St;247
31 St & 23 Ave;246
Bergen St & Smith St;246
E 68 St & Madison Ave;246
Cliff St & Fulton St;245
Scholes St & Manhattan Ave;245
St Nicholas Ave & Manhattan Ave;245
Berkeley Pl & 7 Ave;244
E 27 St & Park Ave S;244
44 Dr & Jackson Ave;243
46 Ave & 5 St;243
W 36 St & 9 Ave;243
W 74 St & Columbus Ave;243
Kent Ave & Division Ave;242
Riverside Dr & W 91 St;242
Water St &  Fletcher St;242
Stagg St & Union Ave;241
E 25 St & 1 Ave;239
Grand Concourse & E 161 St;239
5 Ave & 3 St;238
MacDougal St & Washington Sq;238
Montrose Ave & Bushwick Ave;238
Bedford Ave & Nassau Ave;237
Clinton Ave & Myrtle Ave;237
25 Ave & 41 St;236
E 5 St & Avenue C;235
31 St & Ditmars Blvd;234
E 41 St & Madison Ave (SW corner);234
E 58 St & Madison Ave;234
India St & Manhattan Ave;234
W 36 St & 7 Ave;233
E 118 St & Madison Ave;232
E 3 St & 1 Ave;232
E 51 St & 1 Ave;232
South St & Pike St;231
Clay Ave & E 173 St;230
Morton St & Washington St;230
Astoria Park S & Shore Blvd;229
Lafayette Ave & Ft Greene Pl;228
Walton Ave & E 183 St;228
Ditmars Blvd & 48 St;227
E 80 St & 2 Ave;227
Metropolitan Ave & Meeker Ave;227
W 106 St & Amsterdam Ave;226
W 113 St & Broadway;226
W 116 St & Amsterdam Ave;226
3 St & 7 Ave;225
E 35 St & Madison Ave;225
E 9 St & Avenue C;225
3 Ave & E 170 St;224
8 Ave & W 27 St;224
India St Pier;223
Madison Ave & E 99 St;223
Murray St & Greenwich St;223
Rutgers St & Henry St;223
W 50 St & 9 Ave;223
E 48 St & 5 Ave;222
Fulton St & William St;222
Greene St & Prince St;222
W 37 St & 5 Ave;221
E 56 St & Madison Ave;220
Emerson Pl & Myrtle Ave;220
West End Ave & W 107 St;219
Huron St & Franklin St;218
Steinway St & 28 Ave;218
W 10 St & Washington St;218
Adam Clayton Powell Blvd & W 138 St;217
E 44 St & 2 Ave;217
Ogden Ave & W 165 St;217
Montague St & Clinton St;216
S 4 St & Rodney St;216
W 47 St & 9 Ave;216
Clinton St & Joralemon St;215
E 77 St & 3 Ave;215
Graham Ave & Grand St;215
Lexington Ave & E 26 St;214
Warren St & W Broadway;214
Lexington Ave & E 111 St;213
W Broadway & W Houston St;213
Eastern Pkwy & Franklin Ave;212
Hudson St & Reade St;212
Roebling St & N 4 St;212
Willoughby Ave & Hall St;212
Reade St & Broadway;211
St James Pl & Oliver St;211
E 182 St & Morris Ave;210
Madison St & Montgomery St;210
Stanton St & Mangin St;210
45 Ave & 21 St;209
Columbus Ave & W 103 St;209
E 142 St & 3 Ave;209
Greenwich St & Hubert St;209
McGuinness Blvd & Eagle St;209
W 92 St & Broadway;209
Court St & State St;208
Market St & Cherry St;208
E 170 St & Sheridan Ave;207
Fulton Ave & E 168 St;207
Morningside Ave & W 123 St;207
Adam Clayton Powell Blvd & W 151 St;206
Icahn Stadium;206
Old Slip & South St;206
35 St & 23 Ave;205
Cadman Plaza E & Red Cross Pl;205
E Burnside Ave & Ryer Ave;205
Grand Concourse & E 197 St;205
W Broadway & Spring St;205
Adam Clayton Powell Blvd & W 126 St;204
DeKalb Ave & Hudson Ave;204
Jackson Ave & 46 Rd;204
Boston Rd & Prospect Ave;203
Carroll St & Columbia St;203
Brook Ave & E 138 St;202
Bruckner Blvd & Bryant Ave;202
Ditmars Blvd & 79 St;202
St Nicholas Ave & W 134 St;202
E 60 St & York Ave;201
Westchester Ave & Longwood Ave;201
E 65 St & 2 Ave;199
E 67 St & Park Ave;199
Grand Concourse & E 144 St;199
Jay St & York St;199
Schermerhorn St & Hoyt St;199
3 Ave & E 172 St;198
Broadway & W 37 St;198
E 163 St & Union Ave;198
E 95 St & 3 Ave;198
Front St & Jay St;198
East End Ave & E 86 St;197
Vernon Blvd & 50 Ave;197
W 170 St & University Ave;197
W 40 St & 7 Ave;197
6 Ave & Canal St;196
DeKalb Ave & Franklin Ave;196
Adam Clayton Powell Blvd & W 141 St;195
Broadway & Morris St;195
2 Ave & E 99 St;194
E 170 St & Webster Ave;194
E 93 St & 2 Ave;194
E 53 St & 3 Ave;193
10 St & 7 Ave;192
Adelphi St & Myrtle Ave;192
Bialystoker Pl & Delancey St;192
E 78 St & 2 Ave;192
Nassau Ave & Russell St;192
E 47 St & 1 Ave;191
Water St & Gouverneur Ln;191
W 104 St & Amsterdam Ave;190
Dock St & Front St;189
Grand Concourse & E 171 St;189
Greenpoint Ave & Manhattan Ave;189
W 107 St & Columbus Ave;189
8 Ave & W 24 St;188
E 128 St & Madison Ave;186
Flushing Ave & Vanderbilt Ave;186
John St & William St;186
Tinton Ave & E 165 St;186
E 68 St & 3 Ave;185
Cherry St;184
Walton Ave & E 168 St;184
Avenue D & E 10 St;183
Columbia St & Rivington St;182
E 40 St & 5 Ave;182
Cadman Plaza E & Tillary St;181
Crescent St & Ditmars Blvd;181
Kingston Ave & Herkimer St;181
Crescent St & 30 Ave;180
E 7 St & Ave C;180
E 103 St & Lexington Ave;179
E 167 St & Franklin Ave;179
Murray St\t& West St;179
31 St & Newtown Ave;178
6 Ave & Walker St;178
Bank St & Hudson St;178
Henry St & Atlantic Ave;178
Steinway St & Broadway;178
3 Ave & E 169 St;177
Ave D & E 8 St;177
Meserole Ave & Manhattan Ave;177
Adam Clayton Powell Blvd & W 118 St;176
Carroll St & Smith St;176
Congress St & Clinton St;176
Westchester Ave & Jackson Ave;175
28 St & 36 Ave;174
DeKalb Ave & Vanderbilt Ave;174
Rogers Ave & Sterling St;174
W 35 St & 8 Ave;174
W 35 St & 9 Ave;174
Washington Ave & Park Ave;174
E Fordham Rd & Webster Ave;173
Franklin Ave & St Marks Ave;173
Pike St & Monroe St;172
Boston Rd & E 167 St;171
Lafayette Ave & St James Pl;171
Leonard St & Church St;171
W 17 St & 7 Ave;171
1 Ave & E 94 St;170
Bergen St & Flatbush Ave;170
Duffield St & Willoughby St;170
3 Ave & E 72 St;169
31 St & Broadway;169
Division Ave & Hooper St;169
E 106 St & Lexington Ave;169
Washington St & Laight St;169
2 Ave & E 104 St;168
DeKalb Ave & S Portland Ave;168
E 66 St & Madison Ave;168
Driggs Ave & N Henry St;167
Henry St & Degraw St;167
Monroe St & Bedford Ave;167
27 St & Hunter St;166
E 82 St & East End Ave;166
Hicks St & Montague St;166
Prospect Park SW & Greenwood Ave;166
Willis Ave & E 137 St;166
Adam Clayton Powell Blvd & W 130 St;165
Carlton Ave & Dean St;165
7 Ave & Park Pl;164
Bayard St & Leonard St;164
E 58 St & 1 Ave (NW Corner);164
Plaza St West & Flatbush Ave;163
Prospect Ave & Longwood Ave;163
E 132 St & Madison Ave;162
Fulton St & Waverly Ave;162
2 Ave & E 122 St;161
Beaver St & Fayette St;161
Clinton St & Tillary St;160
Dock 72 Way & Market St;159
E 45 St & 3 Ave;159
Clay Ave & Claremont Pkwy;158
Steinway St & 23 Ave;158
Bedford Ave & Bergen St;157
Calyer St & Jewel St;157
Johnson St & Gold St;157
Bond St & Bergen St;156
E 102 St & Park Ave;156
Myrtle Ave & Fleet Pl;156
36 St & Ditmars Blvd;155
Kingsland Ave & Nassau Ave;155
Prospect Ave & E 151 St;155
W 192 St & University Ave;155
E 51 St & Lexington Ave;154
Morris Ave & McClellan St;154
Walton Ave & E 171 St;154
Douglass St & 3 Ave;153
Kosciuszko St & Tompkins Ave;153
State St & Smith St;153
West Broadway & Watts St;153
72 St & 41 Ave;152
Carroll St & 5 Ave;152
Crescent St & 34 Ave;152
Fulton St & Clermont Ave;152
Lenox Ave & W 130 St;152
Sterling Pl & Bedford Ave;151
21 St & 21 Ave;150
5 Ave & W 126 St;150
Dean St & Franklin Ave;150
Leonard St & Maujer St;150
Nevins St & Schermerhorn St;150
Classon Ave & St Marks Ave;149
Lafayette Ave & Classon Ave;149
Southern Blvd & E 149 St;149
Crescent St & Broadway;148
E 106 St & 2 Ave;148
Willoughby St & Fleet St;148
14 St & 7 Ave;147
Adam Clayton Powell Blvd & W 123 St;147
E 81 St & 3 Ave;147
Hancock St & Bedford Ave;147
Monroe St & Tompkins Ave;147
Seaman Ave & Beak St;147
30 Ave & 41 St;146
36 Ave & 31 St;146
Bainbridge Ave & E 196 St;146
Edgecombe Ave & W 141 St;146
Sunken Meadow Comfort Station;146
Boerum St & Broadway;145
Devoe St & Lorimer St;145
Eastern Pkwy & Washington Ave;145
Mt Morris Park W & W 120 St;145
St James Pl & Pearl St;145
21 St & Queens Plaza North;144
3 Ave & E 112 St;144
Amsterdam Ave & W 125 St;144
E 115 St & Lexington Ave;144
E 149 St & Jackson Ave;144
Maiden Ln & Pearl St;144
Tiebout Ave & E 184 St;144
Wyckoff Av & Stanhope St;144
18 St & 27 Ave;143
5 Av & W 139 St;143
Broadway & W 122 St;143
Broadway & Whipple St;143
Fulton Ave & E 172 St;143
34 Ave & 38 St;142
Jerome Ave & W 195 St;142
Wilkins Ave & Crotona Park E;142
Cauldwell Ave & E 161 St;141
Clinton St & Union St;141
Driggs Ave & Lorimer St;141
E 123 St & Lexington Ave;141
Madison St & Clinton St;141
Picnic Point;141
Nostrand Ave & Myrtle Ave;140
Sands St Gate;140
Wyckoff Av & Jefferson St;140
Garfield Pl & 8 Ave;139
S Portland Ave & Hanson Pl;139
Washington St & Barrow St;139
6 Ave & 21 St;138
Liberty St & Broadway;138
W 35 St & Dyer Ave;138
3 Ave & Schermerhorn St;137
E 161 St & Park Ave;137
Bridge St & Water St;136
Riverside Dr & W 138 St;136
Adam Clayton Powell Blvd & W 132 St;135
E 5 St & Cooper Sq;135
3 Ave & E 71 St;134
Adam Clayton Powell Blvd & W 115 St;134
Dyckman St & Staff St;134
Pulaski St & Marcus Garvey Blvd;134
W 181 St & Riverside Dr;134
College Ave & E 170 St;133
Southern Blvd & E 175 St;133
Berkeley Pl & 6 Ave;132
Cumberland St & Lafayette Ave;132
Jerome Ave & Bedford Park Blvd E;132
Park Pl & Church St;132
Riverside Dr & W 78 St;132
W 37 St & Broadway;132
28 St & 41 Ave;131
31 Ave & 34 St;131
Delancey St & Eldridge St;131
E 158 St & Melrose Ave;131
N 15 St & Wythe Ave;131
Ogden Ave & W 164 St;131
Union St & Bedford Ave;131
Westchester Ave & E 156 St;131
31 Ave & Crescent St;130
Grant Ave & E 169 St;130
Schermerhorn St & Court St (2);130
19 St & 24 Ave;129
40 Ave & 9 St;129
Amsterdam Ave & W 152 St;129
Douglass St & 4 Ave;129
E 114 St & 1 Ave;129
6 Ave & 12 St;128
Albee Square W & Fulton St;128
Dean St & Hoyt St;128
E 115 St & Madison Ave;128
E 118 St & 1 Ave;128
E 17 St & 2 Ave;128
Market St & Henry St;128
Ocean Pkwy & Church Ave;128
Grand Concourse & E 164 St;127
Lenox Ave & W 133 St;127
N Moore St & Hudson St;127
Pier 40 - Hudson River Park;127
Shakespeare Ave & W 169 St;127
E 4 St & Ave B;126
Leonard St & Nassau Ave;126
Southern Blvd & E 174 St;126
W 147 St & Adam Clayton Powell Blvd;126
Carroll St & Bond St;125
Crescent St & 35 Ave;125
Macon St & Nostrand Ave;125
Prospect Park SW & 16 St;125
Smith St & 3 St;125
W 120 St & Claremont Ave;125
Franklin St & W Broadway;124
2 Ave & E 125 St;123
E 171 St & 3 Ave;123
Goulden Ave & W 205 St;123
Irving Ave & Jefferson St;123
Lenox Ave & W 140 St;123
Riverside Dr & W 153 St;123
Grand Concourse & E 192 St;122
Avenue D & E 12 St;121
Cauldwell Ave & E 158 St;121
Columbia Heights & Cranberry St;121
E 106 St & 1 Ave;121
E 149 St & Morris Ave;121
Madison Ave & E 120 St;121
Prospect Park SW & Vanderbilt St;121
Broadway & 12 St;120
Broadway & Moylan Pl;120
Creston Ave & E 181 St;120
E Tremont Ave & E 176 St;120
Grand Ave & W 181 St;120
Lenox Ave & W 115 St;120
35 St & 21 Ave;119
6 Ave & 9 St;119
Bedford Ave & S 9 St;119
Bronx Shore Comfort Station;119
Center Blvd & 48 Ave;119
Front St & Gold St;119
Myrtle Ave & St Edwards St;119
River Ave & E 151 St;119
Willis Ave & E 141 St;119
Willoughby Ave & Walworth St;119
24 Ave & 26 St;118
35 Ave & 10 St;118
Ditmars Blvd & 19 St;118
E 118 St & 3 Ave;118
E 97 St & 3 Ave;118
Halsey St & Tompkins Ave;118
Harrison St & Hudson St;118
McKibbin St & Bogart St;118
St Johns Pl & Washington Ave;118
Steinway St & Ditmars Blvd;118
Willis Ave & Bruckner Blvd;118
21 St & Hoyt Ave S;117
Amsterdam Ave & W 131 St;117
N 11 St & Kent Ave;117
Church St & Worth St;116
E 81 St & Park Ave;116
Grand Concourse & E 156 St;116
Grand Concourse & E 196 St;116
Kane St & Clinton St;116
Lincoln Ave & E 138 St;116
St. Nicholas Terrace & Convent Ave;116
Wadsworth Ave & W 179 St;116
Washington Park;116
Wyckoff Ave & Gates Ave;116
Amsterdam Ave & W 119 St (2);115
E 138 St & 5 Av;115
E 85 St & York Ave;115
W 144 St & Adam Clayton Powell Blvd;115
43 St & 23 Ave;114
Court St & Nelson St;114
Fulton St & Irving Pl;114
Grand Concourse & East Mount Eden Ave;114
Lafayette Ave & Hunts Point Ave;114
Liberty St & Nassau St;114
21 Ave & Shore Blvd;113
Clermont Ave & Park Ave;113
Duane St & Hudson St;113
Fort Washington Ave & W 173 St;113
Sharon St & Olive St;113
Union Ave & Jackson St;113
Wilson Ave & Troutman St;113
76 St & 21 Ave;112
Cambridge Pl & Gates Ave;112
Fulton Ave & St. Paul's Pl;112
Pacific St & Nevins St;112
Tiebout Ave & E Fordham Road;112
1 Pl & Clinton St;111
Bergen St & 4 Ave;111
E 31 St & 3 Ave;111
E 43 St & 2 Ave;111
Nassau St\t& Duffield St;111
Adams St & Prospect St;110
Greene Ave & Nostrand Ave;110
Lewis Ave & Madison St;110
Lexington Ave & E 120 St;110
Carroll St & 6 Ave;109
E 147 St & Bergen Ave;109
E 98 St & Park Ave;109
Gerard Ave & E 165 St;109
Graham Ave & Withers St;109
24 St & 41 Ave;108
Division Ave & Marcy Ave;108
Lexington Ave & Classon Ave;108
Pleasant Ave & E 120 St;108
Washington Ave & E 163 St;108
14 St & 5 Ave;107
34th Ave & Vernon Blvd;107
E 116 St & 2 Ave;107
E 174 St & Walton Ave;107
Frederick Douglass Blvd & W 129 St;107
Leonard St & Boerum St;107
47 Ave & 31 St;106
Anderson Ave & W 164 St;106
Lenox Ave & W 144 St;106
Myrtle Ave & Marcy Ave;106
St. Ann's Ave & E 144 St;106
Columbia St & Degraw St;105
E 2 St & 2 Ave;105
Featherbed Ln & Nelson Ave;105
Kosciuszko St & Nostrand Ave;105
St Marks Pl & 4 Ave;105
Valentine Ave & E 183 St;105
Van Brunt St & Wolcott St;105
24 Ave & 29 St;104
46 St & 30 Rd;104
Bushwick Ave & Powers St;104
Clinton St & 4 Place;104
E 63 St & 3 Ave;104
Edgecombe Ave & W 145 St;104
Forest Ave & Summerfield St;104
Lincoln Pl & Classon Ave;104
Paul Ave & W 205 St;104
Suydam St & Knickerbocker Ave;104
30 Ave & 21 St;103
35 Ave & 37 St;103
40 Ave & Crescent St;103
E 138 St & Cypress Ave;103
Newtown Ave & 23 St;103
Sterling Pl & 5 Ave;103
W 168th S & Fort Washington Ave;103
Willoughby Ave & Myrtle Ave;103
4 Ave & 9 St;102
53 St & 4 Ave;102
Broadway & W 160 St;102
Central Ave & Starr Street;102
McKibbin St & Manhattan Ave;102
Spruce St & Gold St;102
W 135 St & Lenox Terrace Pl;102
W 148 St & Amsterdam Ave;102
Willoughby Ave & Tompkins Ave;102
5 St & 6 Ave;101
Clermont Ave & Lafayette Ave;101
E 6 St & 2 Ave;101
Morris Ave & E 142 St;101
River Ter & Warren St;101
31 Ave & 30 St;100
38 St & 30 Ave;100
5 Ave & E 135 St;100
Charlotte St & Boston Rd;100
Degraw St & Smith St;100
Lefferts Pl & Franklin Ave;100
W 180 St & Ft Washington Ave;100
5 Ave & W 131 St;99
8 St & Astoria Blvd;99
Broadway & W 155 St;99
Clinton Ave & Flushing Ave;99
Columbia St & Kane St;99
Monroe St & Classon Ave;99
Warren St & Smith St;99
Westchester Ave & Southern Blvd;99
39 St & 47 Ave;98
Greene Ave & Throop Ave;98
Isham St & Broadway;98
Nassau St & Navy St;98
Park Ave & E 162 St;98
River Ave & McClellan St;98
Sheridan Ave & E 172 St;98
20 Ave & 31 St;97
7 St & 3 Ave;97
Convent Ave & W 151 St;97
Courtlandt Ave & E 149 St;97
Knickerbocker Ave & George St;97
President St & Henry St;97
Washington Ave & Greene Ave;97
10 St & 5 Ave;96
3 Ave & E 163 St;96
44 St & 6 Ave;96
Broadway & W 168 St;96
E 149 St & Eagle Ave;96
W Burnside Ave & University Ave;96
Crotona Park East & E 173 St;95
E 160 St & Tinton Ave;95
Nassau Ave & Newell St;95
Barclay St & Church St;94
Henry St & Middagh St;94
Smith St & 9 St;94
65 St & 35 Ave;93
E 188 St & Creston Ave;93
E 19 St & 3 Ave;93
E 50 St & Park Ave;93
Frederick Douglass Blvd & W 145 St;93
Goulden Ave & W 197 St;93
Bushwick Ave & Dekalb Ave;92
E 32 St & Park Ave;92
Jerome Ave & E Mosholu Parkway S;92
Jerome Ave & W Fordham Rd;92
Morningside Dr & Amsterdam Ave;92
W 176 St & Montgomery Ave;92
W Fordham Rd & Loring Pl N;92
E 169 St & Webster Ave;91
Longwood Ave & Southern Blvd;91
Pearl St & Hanover Square;91
Pearl St & York St;91
Richardson St & N Henry St;91
Riverside Dr & W 148 St;91
St Ann's Ave & Westchester Ave;91
Underhill Ave & Lincoln Pl;91
Union Ave & Wallabout St;91
Van Brunt St & Van Dyke St;91
35 St & Broadway;90
7 St & 5 Ave;90
Cabrini Blvd & W 177 St;90
Ft. Hamilton Pkwy & E 2 St;90
Lewis Ave & Kosciuszko St;90
Manhattan Av & Leonard St;90
Nelson Ave & 167 St;90
Stagg St & Morgan Ave;90
W 225 St & Exterior St;90
Willoughby Ave & Wyckoff Ave;90
3 Ave & E 100 St;89
45 Rd & 11 St;89
Butler St & Court St;89
E 138 St & Park Ave;89
Henry St & Remsen St;89
Plaza Dr & W 170 St;89
Wakeman Pl & Ridge Blvd;89
Bradhurst Ave & W 148 St;88
Carlton Ave & Flushing Ave;88
Fulton St & Utica Ave;88
George St & Wilson Ave;88
Madison St & Woodward Ave;88
Suydam St & Broadway;88
W 146 St & Broadway;88
Waterbury St & Stagg St;88
1 St & 6 Ave;87
Bainbridge Ave & E 198 St;87
Banker St & Meserole Ave;87
Boone Ave & E 172 St;87
Carlton Ave & Park Ave;87
Home St & Westchester Ave;87
Norman St & Wyckoff Ave;87
Prospect Ave & Jennings St;86
43 St & Broadway;85
Degraw St & Hoyt St;85
Prospect Pl & Underhill Ave;85
Riverside Dr & W 145 St;85
Vernon Blvd & 47 Rd;85
Bushwick Ave & Harman St;84
Grand Ave & Bergen St;84
Morris Ave & E 184 St;84
Pitt St & Stanton St;84
Wadsworth Ave & W 175 St;84
Broadway & Kosciuszko St;83
Buchanan Pl & Grand Ave;83
Hudson Blvd E & W 36 St;83
Pierrepont St & Monroe Pl;83
E 149 St & Park Ave;82
Melrose St & Broadway;82
Sterling St & Bedford Ave;82
Stockholm St & Wilson Ave;82
W 129 St & Convent Ave;82
28 Ave & 44 St;81
43 Ave & 42 St;81
7 Ave & 41 St;81
Broadway & W 133 St;81
Broadway & W 138 St;81
Brook Ave & E 148 St;81
Concord St & Bridge St;81
Frost St & Meeker Ave;81
Knickerbocker Ave & Halsey St;81
Macombs Rd & W 175 St;81
Marcy Ave & Lafayette Ave;81
Nagle Ave & Ellwood St;81
Verona Pl & Fulton St;81
17 St & 5 Ave;80
3 St & Hoyt St;80
E 58 St & 1 Ave (NE Corner);80
Frederick Douglass Blvd & W 139 St;80
Jefferson St & Cypress Ave;80
Powers St & Olive St;80
28 Ave & 35 St;79
4 Ave & 3 St;79
Broadway & Madison St;79
E 165 St & Clay Ave;79
W 133 St & 12 Ave;79
Wyckoff St & Nevins St;79
20 Ave & 21 St;78
40 St & Queens Blvd;78
5 St & Market St;78
59 St & 5 Ave;78
Bergen Ave & E 152 St;78
E 135 St & St Ann's Ave;78
Myrtle Ave & Lewis Ave;78
Park Ave & Marcus Garvey Blvd;78
Valentine Ave & E 181 St;78
Broadway & W 142 St;77
Caton Ave & Argyle Rd;77
Congress St & Hicks St;77
Putnam Ave & Throop Ave;77
W 165 St & Fort Washington Ave;77
21 St & 4 Ave;76
49 Ave & 21 St;76
Broadway & W 153 St;76
E 167 St & Clay Ave;76
Grand Concourse & E 175 St;76
University Ave & W 168 St;76
31 St & Hoyt Ave N;75
Concourse Village West & E 156 St;75
Dyckman St & Henshaw St;75
Grand Concourse & E 199 St;75
Sherman Ave & Thayer St;75
St Nicholas Ave & W 137 St;75
Vernon Blvd & 31 Ave;75
White St & Moore St;75
Windsor Pl & Howard Pl;75
20 Ave & 48 St;74
Ashland Pl & Dekalb Ave;74
Broadway & W 185 St;74
Goulden Ave & Bedford Park Blvd W;74
Grove St & Broadway;74
Hoe Ave & Jennings St;74
Marcus Garvey Blvd & Macon St;74
23 Ave & 27 St;73
31 St & Northern Blvd;73
35 St & 30 Ave;73
37 Ave & 35 St;73
43 St & 35 Ave;73
Franklin Ave & Myrtle Ave;73
Lenox Ave & W 146 St;73
Morgan Ave & Lombardy St;73
Riverside Dr & Broadway;73
Rockaway Ave & Bainbridge St;73
Warren St & Court St;73
Willis Ave & E 143 St;73
23 Rd & 31 St;72
34 Ave & 31 St;72
Amsterdam Ave & W 156 St;72
Avenue C & E 18 St;72
Bedford Ave & Montgomery St;72
Irving Ave & DeKalb Ave;72
36 St & 3 Ave;71
Broadway & W 192 St;71
E 141 St & Jackson Ave;71
Hamilton Pl & W 140 St;71
Laight St & Hudson St;71
Macombs Rd & Featherbed Ln;71
Throop Ave & Myrtle Ave;71
31 St & Astoria Blvd;70
Broadway & W 131 St;70
Humboldt St & Varet St;70
Jackson St & Leonard St;70
Van Sinderen Ave & Truxton St;70
W 218 St & Indian Rd;70
12 St & 4 Ave;69
Albany Ave & Fulton St;69
Halsey St & Broadway;69
Irving Ave & Harman St;69
Nagle Ave & Thayer St;69
Seaman Ave & Isham St;69
Vernon Blvd & 10 St;69
11 Ave & Prospect Ave;68
Goble Pl & Macombs Rd;68
Graham Ave & Herbert St;68
Union St & Nevins St;68
Weeks Ave & E 175 St;68
12 Ave & 36 St;67
27 Ave & 9 St;67
59 St & 4 Ave;67
Central Ave & Woodbine St;67
Creston Ave & E 178 St;67
Stewart Ave & Johnson Ave;67
Union St & 4 Ave;67
W 155 St & Frederick Douglass Blvd;67
24 St & 38 Ave;66
3 St & 3 Ave;66
34 St & 35 Ave;66
Bay St & Court St;66
Broadway & Ellwood St;66
Central Ave & Melrose St;66
E 156 St & Courtlandt Ave;66
E 157 St & River Ave;66
Engert Ave & McGuinness Blvd;66
Fort Washington Ave & W 183 St;66
Jefferson Ave & Evergreen Ave;66
Lewis Ave & Decatur St;66
Mount Eden Pkwy & Eastburn Ave;66
Waterloo Pl & Crotona Park East;66
39 St & Queens Blvd;65
Beck St & Leggett Ave;65
Brook Ave & E 141 St;65
Bushwick Ave & Stagg St;65
Cedar St & Myrtle Ave;65
Greene Av & Myrtle Av;65
Longfellow Ave & E 165 St;65
Paul Ave & Mosholu Pkwy;65
President St & 4 Ave;65
11 St & 43 Ave;64
31 Ave & 14 St;64
31 Rd & 21 St;64
Madison St & Forest Ave;64
Park Ave & St Edwards St;64
Pinehurst Ave & W 187 St;64
Ryer Ave & E 182 St;64
35 St & 34 Ave;63
36 Ave & 10 St;63
43 St & Skillman Ave;63
E 167 St & Bryant Ave;63
Lincoln Ave & E 134 St;63
University Ave & Macombs Rd;63
16th St & 4th Ave;62
Calyer St & Guernsey St;62
E 141 St & St Ann's Ave;62
Edgecombe Ave & W 167 St;62
Hancock St & Malcolm X Blvd;62
Popham Ave & W 174 St;62
Sigourney St & Columbia St;62
St Nicholas Ave & W 150 St;62
38 Ave & 29 St;61
44 St & 48 Ave;61
Alexander Ave & E 134 St;61
St. Ann's Av & Bruckner Blvd;61
Stanhope St & Fairview Ave;61
Sullivan Pl & Franklin Ave;61
Caton Ave & E 7 St;60
Harrison Pl & Porter Ave;60
Morris Ave & E 153 St;60
46 St & Queens Blvd;59
49 St & 31 Ave;59
58 St & 32 Ave;59
Amsterdam Ave & W 119 St;59
Amsterdam Ave & W 162 St;59
Broadway & W 220 St;59
Central Ave & Flushing Ave;59
Garrison Ave & Manida St;59
Knickerbocker Ave & Thames St;59
31 St & Thomson Ave;58
36 St & Queens Blvd;58
57 St & 4 Ave;58
58 St & Pier 4;58
E 156 & Brook Ave;58
E 174 St & Longfellow Ave;58
Lorimer St & Broadway;58
Madison St & Seneca Ave;58
Moffat St & Bushwick;58
Sullivan Pl & Bedford Ave;58
Tompkins Ave & Hopkins St;58
Willow Ave & E 133 St;58
34 Ave & 48 St;57
51 St & Hobart St;57
72 St & Woodside Ave;57
Marion Ave & Mosholu Pkwy;57
Pioneer St & Van Brunt St;57
21 St & 23 Ave;56
3 Ave & Franklin Ave;56
48 St & Broadway;56
Prospect Pl & 6 Ave;56
W Tremont Ave & Montgomery Ave;56
43 St & 50 Ave;55
Central Ave & Covert St;55
Madison St & Malcolm X Blvd;55
Townsend Ave & E 175 St;55
Carroll St & Washington Ave;54
Eldert St & Bushwick Ave;54
Flushing Ave & Woodward Ave;54
Greenwich St & Rector St;54
Union Ave & E 169 St;54
20 Ave & 38 St;53
34 Ave & 45 St;53
43 Ave & 40 St;53
48 Ave & 41 St;53
9 St & 44 Rd;53
Bushwick Ave & Forrest St;53
Commerce St & Van Brunt St;53
Devoe St & Morgan Ave;53
Evergreen Ave & Noll St;53
Intervale Ave & Kelly St;53
48 Ave & 5 St;52
51 St & 43 Ave;52
Eastern Pkwy & Kingston Ave;52
Margaret Corbin Plz & Ft Washington Ave;52
Webster Ave & Ford St;52
Willoughby Ave & Onderdonk Ave;52
30 Ave & 12 St;51
Audobon Ave & W 179 St;51
Bushwick Ave & Linden St;51
Carlton Ave & St Marks Ave;51
Carroll St & Franklin Ave;51
Davidson Ave & W Burnside Ave;51
Pacific St & Classon Ave;51
2 Ave & 36 St;50
34 St & 38 Ave;50
44 St & 3 Ave;50
49 St & 25 Ave;50
Brook Ave & E 157 St;50
Coffey St & Ferris St;50
E 15 St & 3 Ave;50
E Tremont Ave & Jerome Ave;50
St. Nicholas Ave & W 155 St;50
21 St & 43 Ave;49
34 Ave & 21 St;49
Broadway & W 165 St;49
E 56 St & 3 Ave;49
Greene Ave & Grandview Ave;49
Southern Blvd & Avenue St. John;49
10 St & 2 Ave;48
5 St & 51 Ave;48
Broadway & Hancock St;48
Coffey St & Conover St;48
Dwight St & Van Dyke St;48
Lexington Ave & E 127 St;48
Putnam Ave & Knickerbocker Ave;48
Putnam Ave & Ralph Ave;48
Stuyvesant Ave & Gates Ave;48
Stuyvesant Walk & 1 Av Loop;48
Van Buren St & Broadway;48
3 Ave & Carroll St;47
43 Ave & 47 St;47
Amsterdam Ave & W 189 St;47
Aqueduct Ave & W 190 St;47
Central Ave & Himrod St;47
Chauncey St & Malcolm X Blvd;47
Ditmars Blvd & 73 St;47
Fairview Ave & Linden St;47
Ft. Hamilton Pkwy & E 5 St;47
Intervale Ave & Westchester Ave;47
W Tremont Ave & Matthewson Rd;47
3 Ave & E 174 St;46
30 Ave & 47 St;46
37 St & 24 Ave;46
5 Ave & 41 St;46
Irving Ave & Halsey St;46
Louis Nine Blvd & Intervale Ave;46
Madison St & Evergreen Ave;46
Melrose Ave & E 154 St;46
Morris Ave & E 171 St;46
Sedgwick Ave & W Tremont Ave;46
W 140 St & Riverside Dr;46
Washington Ave & E 167 St;46
24 St & 5 Ave;45
7 Ave & 62 St;45
Concourse Village East & E 158 St;45
Grand Ave & W Fordham Rd;45
W 160 St & St. Nicholas Ave;45
W 204 St & Vermilyea Ave;45
48 St & Skillman Ave;44
E 8 St & Caton Ave;44
Harlem River Dr & W 155 St;44
Harman St & Seneca Ave;44
Lewis Ave & Greene Ave;44
Loring Pl North & W 183 St;44
Menahan St & Wyckoff Ave;44
Richards St & Delavan St;44
Sumpter St & Fulton St;44
55 St & Northern Blvd;43
9 Ave & W 39 St;43
Freeman St & Southern Blvd;43
Ft. Washington Ave & W 190 St;43
Gerard Ave & E 146 St;43
Jerome Ave & Ogden Ave;43
Menahan St & Onderdonk Ave;43
Webster Ave & E 166 St;43
48 Ave & 37 St;42
Botanical Sq & Webster Ave;42
Ditmars Blvd & 76 St;42
Montgomery St & Franklin Ave;42
Park Pl & Franklin Ave;42
Skillman Ave & 43 Ave;42
St. Nicholas Ave & W 157 St;42
W 171 St & St. Nicholas Ave;42
W Mosholu Pkwy S & Sedgwick Ave;42
Willoughby St & Ashland Pl;42
21 St & 36 Ave;41
36 St & 4 Ave;41
4 Ave & Shore Road Dr;41
7 Ave & 20 St;41
E 144 St & Brook Ave;41
Jerome Ave & W 184 St;41
27 Ave & 3 St;40
46 St & 28 Ave;40
65 St & Roosevelt Ave;40
Amsterdam Ave & W 167 St;40
E 118 St & Park Ave;40
E 163 St & Tiffany St;40
E Mosholu Pkwy & Van Cortlandt Ave E;40
Hancock St & Stuyvesant Ave;40
Macombs Pl & W 152 St;40
University Ave & W Burnside Ave;40
W 204 St & Nagle Ave;40
Withers St & Kingsland Ave;40
10 Ave & W 207 St;39
2 Ave & E 55 St;39
21 St & 31 Dr;39
46 St & 6 Ave;39
53 St & 2 Ave;39
61 St & Woodside Ave;39
62 St & 34 Ave;39
Bushwick Ave & McKibbin St;39
Chauncey St & Stuyvesant Ave;39
Church Ave & Story St;39
E 150 St & Gerard Ave;39
E 165 St & Fox St;39
E 171 St & Webster Ave;39
Freeman St & Reverend James A Polite Ave;39
Gerard Ave & E 164 St;39
Greenpoint Ave & 47 St;39
Greenwood Ave & E 4 St;39
Hart St & Wyckoff Ave;39
Morgan Ave & Maspeth Ave;39
W 145 St & Amsterdam Ave;39
W 186 St & St. Nicholas Ave;39
W 190 St & Broadway;39
Woodward Ave & Harman St;39
38 St & Northern Blvd;38
48 St & 5 Ave;38
Bedford Park Blvd & Paul Ave;38
Central Ave & Weirfield St;38
E 153 St & E 157 St;38
Edgecombe Ave & W 150 St;38
Hancock St & Wyckoff Ave;38
46 St & 7 Ave;37
5 Ave & 37 St;37
50 St & 30 Ave;37
69 St & 43 Ave;37
7 Ave & 40 St;37
Bridge St & York St;37
Bulova Ave & Brooklyn Queens Expressway W;37
Church Ave & McDonald Ave;37
Grand Concourse & E 205 St;37
W 218 St & Broadway;37
41 St & 4 Ave;36
44 St & Greenpoint Ave;36
Broadway & 51 St;36
E 169 St & Fox St;36
River Ave & E 153 St;36
White St & Johnson Ave;36
7 Ave & 17 St;35
Bradley Ave & Greenpoint Ave;35
Cedar St & Evergreen Ave;35
E 155 St & Courtlandt Ave;35
E 3 St & Church Ave;35
Frost St & Debevoise Ave;35
Hazen St & 20 Ave;35
Knickerbocker Ave & Moffat St;35
Lexington Ave & E 128 St;35
Onderdonk Ave & Dekalb Ave;35
W Tremont Ave & Grand Ave;35
62 St & Northern Blvd;34
Amsterdam Ave & W 175 St;34
Aqueduct Ave & North St;34
Crotona Park North & Prospect Ave;34
Jerome Ave & E 164 St;34
Madison St & Cypress Ave;34
Webb Ave & W 190 St;34
21 Ave & 80 St;33
3 Ave & Wakeman Pl;33
30 St & 4 Ave;33
30 St & 48 Ave;33
60 St & 37 Ave;33
Albemarle Rd & McDonald Ave;33
Amsterdam Ave & W 183 St;33
E 165 St & Jerome Ave;33
E Mosholu Pkwy & E 204 St;33
Hoyt St & Warren St;33
Irving Ave & Palmetto St;33
Menahan St & Seneca Ave;33
Prospect Park SW & 10 Ave;33
Rogers Pl & E 165 St;33
W 190 St & St. Nicholas Ave;33
Walnut Ave & E 136 St;33
Wilson Ave & Moffat St;33
Woodside Ave & Roosevelt Ave;33
44 St & 2 Ave;32
Amsterdam Ave & W 172 St;32
Amsterdam Ave & W 186 St;32
Caton Ave & E 10 St;32
Chauncey St & Howard Ave;32
E 128 St & 3 Ave;32
E 138 St & Willow Ave;32
Putnam Ave & Nostrand Ave;32
Windsor Pl & 8 Ave;32
39 Ave & 56 St;31
53 St & 5 Ave;31
55 St & 7 Ave;31
6 St & 7 Ave;31
Audubon Ave & W 192 St;31
Bushwick Ave & Furman Ave;31
Central Ave & Decatur St;31
Halsey St & Evergreen Ave;31
Jerome Ave & W 177 St;31
Kent St & McGuinness Blvd;31
Monroe St & Marcus Garvey Blvd;31
Monroe St & Patchen Ave;31
Newton Rd & 44 St;31
Old Broadway & W 133 St;31
Prospect Ave & E 167 St;31
Underhill Ave & Pacific St;31
39 St & 50 Ave;30
46 St & 25 Ave;30
65 Pl & Woodside Ave;30
Clinton St & Centre St;30
Frederick Douglass Blvd & Harlem River Dr;30
Halsey St & Ralph Ave;30
Prospect Park W & 20 St;30
Putnam Ave & Wyckoff Ave;30
31 Ave & 57 St;29
4 Ave & 17 St;29
61 St & Queens Blvd;29
62 St & 4 Ave;29
Green St & McGuinness Blvd;29
Malcolm X Blvd & DeKalb Ave;29
Menahan St & Central Ave;29
Pioneer St & Richards St;29
Prospect Ave & Vanderbilt St;29
Suydam St & St. Nicholas Ave;29
W 163 St & Riverside Dr;29
31 Ave & 61 St;28
34 Ave & 13 St;28
45 St & 4 Ave;28
50 St & Barnett Ave;28
50 St & Northern Blvd;28
67 St & Erik Pl;28
Amsterdam Ave & W 180 St;28
Bainbridge Ave & E 193 St;28
Featherbed Ln & Jerome Ave;28
Ogden Ave & Merriam Ave;28
Southern Blvd & E 172 St;28
Walton Ave & E 153 St;28
39 Ave & 45 St;27
48 St & 37 Ave;27
Centre St & Seneca Ave;27
Columbia St & W 9 St;27
Cypress Ave & Palmetto St;27
E 201 St & Briggs Ave;27
Gerard Ave & McClellan St;27
Grand Concourse & E 203 St;27
Van Dam St & Greenpoint Ave;27
33 St & 47 Ave;26
36 St & 47 Ave;26
47 Ave & Skillman Ave;26
7 Ave & 22 St;26
Chester Ave & 12 Ave;26
Dawson St & Intervale Ave;26
E 138 St & Grand Concourse;26
Faile St & Garrison Ave;26
Grand Concourse & E Mosholu Pkwy S;26
Hunts Point Ave & Bryant Ave;26
Main St & Plymouth St;26
19 St & 8 Ave;25
20 Ave & 42 St;25
39 Ave & 54 St;25
6 Ave & 60 St;25
61 St & 39 Ave;25
Cypress Ave & George St;25
Decatur Ave & Bedford Park Blvd;25
Henry St & Bay St;25
Metropolitan Ave & Stewart Ave;25
Patchen Ave & Bainbridge St;25
Southern Blvd & Tiffany St;25
47 Ave & 48 St;24
48 St & 50 Ave;24
48 St & Barnett Ave;24
Bainbridge Ave & Bedford Park Blvd;24
University Ave & Brandt Pl;24
West Farms Rd & Boone Ave;24
52 St & 6 Ave;23
Dyckman St & 10 Ave;23
Jerome Ave & E 198 St;23
Myrtle Ave & Grove St;23
Prospect Pl & Nostrand Ave;23
W 159 St & Edgecombe Ave;23
Wolcott St & Dwight St;23
29 St & 5 Ave;22
36 St & Hunters Point Ave;22
37 Ave & 63 St;22
41 Ave & 67 St;22
42 Pl & Northern Blvd;22
57 St & 43 Ave;22
61 St & Laurel Hill Blvd;22
Amsterdam Ave & W 82 St;22
Andrew Ave N & Hall of Fame Tce;22
Audubon Ave & Fort George Ave;22
Linden St & Knickerbocker Ave;22
Prospect Ave & Greenwood Ave;22
Railroad Ave & Kay Ave;22
Woodside Ave & 60 St;22
39 Dr & 52 St;21
Brevoort Pl & Bedford Ave;21
Broadway & 49 St;21
Columbia St & Lorraine St;21
Dahill Rd & 12 Ave;21
10 Ave & W 204 St;20
3 Ave & 17 St;20
34 St & 4 Ave;20
34 St & 5 Ave;20
42 St & 1 Ave;20
57 St & 1 Ave;20
Academy St & Nagle Ave;20
Inwood Ave & W 170 St;20
Jerome Ave & Anderson Ave;20
Jerome Ave & E 181 St;20
Seneca Ave & Irvine St;20
Somers St & Broadway;20
20 Ave & Shore Blvd;19
34 St & 48 Ave;19
55 St & 5 Ave;19
64 St & 3 Ave;19
Morris Ave & E Burnside Ave;19
Schermerhorn St & Court St;19
Thomas S. Boyland St & Marion St;19
Washington Ave & E 174 St;19
2 Ave & 39 St;18
Broadway & Furman Ave;18
Eastern Pkwy & Troy Ave;18
Van Sinderen Ave & Atlantic Ave;18
Vernon Blvd & Queens Plaza S;18
4 Ave & 26 St;17
Barry St & Tiffany St;17
Borden Ave & Review Ave;17
McDonald Ave & Vanderbilt St;17
Queens Blvd & 56 St;17
Southern Blvd & E 142 St;17
Steinway St & 19 Ave;17
10 Ave & W 215 St;16
21 St & 38 Ave;16
53 St & Roosevelt Ave;16
58 St & 2 Ave;16
6 Ave & 55 St;16
Henry St & W 9 St;16
Pacific St & Nostrand Ave;16
Stephen St & Seneca Ave;16
W 163 St & Edgecombe Ave;16
Whitehall St & Bridge St;16
Woodside Ave & 55 St;16
Woodside Ave & 69 St;16
Andrews Ave S & W 179 St;15
Cedar Ave & W Fordham Rd;15
E 133 St & Cypress Pl;15
Skillman Ave & 54 St;15
48 St & 2 Ave;14
Flatbush Ave & Eastern Pkwy;14
Myrtle Ave & Linden St;14
Ralph Ave & Fulton St;14
Sedgwick Ave & Hall of Fame Tce;14
Thomas S. Boyland St & Macon St;14
54 St & 37 Ave;13
Bergen St & Kingston Ave;13
MacDonough St & Marcy Ave;13
Metropolitan Ave & Vandervoort Ave;13
Thomas S. Boyland St & Fulton St;13
W 211 St & 10 Ave;13
31 Pl & Hunters Point Ave;12
50 St & 7 Ave;12
Bailey Ave & Sedgwick Ave;12
Sedgwick Ave & W Burnside Ave;12
Sterling Pl & New York Ave;12
2 Ave & 32 St;11
47 St & 3 Ave;11
51 St & Queens Blvd;11
57 St & 37 Ave;11
62 St & 43 Ave;11
Keegan Rd & 2 Ave;11
Onderdonk Ave & Gates Ave;11
23 St & 3 Ave;10
65 St & Broadway;10
Kingston Ave & Park Pl;10
Lafayette Ave & Stuyvesant Ave;10
New York Ave & St Marks Ave;10
65 St & 2 Ave;9
Bailey Ave & W 193 St;9
Brooklyn Ave & Prospect Pl;9
E 134 St & Walnut Ave;9
MacDonough St & Malcolm X Blvd;9
Somers St & Rockaway Ave;9
10 Ave & W 202 St;8
41 St & 3 Ave;7
52 St & 1 Ave;7
63 St & 5 Ave;7
Fulton St & Saratoga Ave;7
Herkimer St & New York Ave;7
Skillman Ave & Honeywell St;7
South St & Broad St;7
Decatur Ave & Oliver Pl;6
St. Johns Pl & Kingston Ave;6
2 Av & 37 St;5
43 St & 37 Ave;5
9 Ave & W 204 St;5
Decatur St & Saratoga Ave;4
MacDougal St & Rockaway Ave;4
Schenectady Ave & Prospect Pl;4
St Johns Pl & Utica Ave;4
Pacific St & Utica Ave;3
Stuyvesant Ave & Hart St;3
Eastern Pkwy & Rochester Ave;2
Pacific St & Troy Ave;2
Park Pl & Utica Ave;2
Bergen St & Troy Ave;1
Classon Ave & St Marks Ave (2);1
Decatur Ave & E 197 St;1
Knickerbocker Ave & Hancock St;1
Pacific St & Rochester Ave;1
St Marks Ave & Rochester Ave;1
Sterling Pl & Schenectady Ave;1
Troy Ave & Sterling Pl;1
W 52 St & 11 Ave;1
9 Ave & W 219 St;0
Albany Ave & Park Pl;0
Bergen St & Buffalo Ave;0
Macon St & Howard Ave;0
Macon St & Lewis Ave;0
Macon St & Patchen Ave;0
Park Pl & Buffalo Ave;0
St Marks Ave & Ralph Ave;0
Vernon Blvd & 41 Rd;0
